{"stats":{"minecraft:picked_up":{"minecraft:stripped_oak_log":2,"minecraft:seagrass":2,"minecraft:crafting_table":7,"minecraft:feather":8,"minecraft:cooked_beef":10,"minecraft:chicken":7,"minecraft:andesite":1,"minecraft:leather":9,"minecraft:oak_log":31,"minecraft:dirt":40,"minecraft:raw_copper":21,"minecraft:moss_carpet":2,"minecraft:cooked_mutton":5,"minecraft:bone":1,"minecraft:wheat_seeds":8,"minecraft:cooked_chicken":5,"minecraft:beef":10,"minecraft:iron_ingot":2,"minecraft:oak_boat":5,"minecraft:sugar_cane":4,"minecraft:chest":3,"minecraft:oak_planks":2,"minecraft:egg":2,"minecraft:furnace":11,"minecraft:raw_iron":8,"minecraft:oak_door":9,"minecraft:pumpkin":2,"minecraft:torch":8,"minecraft:dandelion":6,"minecraft:oak_pressure_plate":9,"minecraft:porkchop":1,"minecraft:diorite":10,"minecraft:white_bed":7,"minecraft:mossy_cobblestone":19,"minecraft:arrow":6,"minecraft:granite":2,"minecraft:mutton":9,"minecraft:coal":41,"minecraft:white_wool":6,"minecraft:cobblestone":706},"minecraft:used":{"minecraft:diorite":10,"minecraft:stone_sword":134,"minecraft:stone_pickaxe":438,"minecraft:leather_chestplate":1,"minecraft:chest":3,"minecraft:wooden_pickaxe":53,"minecraft:cooked_chicken":4,"minecraft:oak_door":10,"minecraft:torch":12,"minecraft:dirt":22,"minecraft:mutton":4,"minecraft:crafting_table":7,"minecraft:white_bed":6,"minecraft:granite":2,"minecraft:oak_log":1,"minecraft:wooden_axe":22,"minecraft:oak_pressure_plate":9,"minecraft:stone_axe":49,"minecraft:cobblestone":93,"minecraft:furnace":10,"minecraft:cooked_porkchop":1,"minecraft:andesite":1,"minecraft:oak_boat":5,"minecraft:egg":1},"minecraft:custom":{"minecraft:interact_with_furnace":19,"minecraft:mob_kills":29,"minecraft:interact_with_crafting_table":22,"minecraft:leave_game":2,"minecraft:time_since_death":27733,"minecraft:sleep_in_bed":5,"minecraft:time_since_rest":13740,"minecraft:sprint_one_cm":162919,"minecraft:damage_taken":1255,"minecraft:walk_one_cm":212209,"minecraft:drop":10,"minecraft:damage_dealt":3446,"minecraft:swim_one_cm":7756,"minecraft:talked_to_villager":1,"minecraft:fly_one_cm":105325,"minecraft:open_chest":7,"minecraft:crouch_one_cm":2065,"minecraft:play_time":104924,"minecraft:deaths":4,"minecraft:sneak_time":1803,"minecraft:walk_under_water_one_cm":46434,"minecraft:boat_one_cm":308046,"minecraft:jump":1329,"minecraft:walk_on_water_one_cm":28356,"minecraft:total_world_time":104924,"minecraft:fall_one_cm":27745},"minecraft:crafted":{"minecraft:wooden_sword":1,"minecraft:oak_door":6,"minecraft:oak_planks":128,"minecraft:cooked_porkchop":1,"minecraft:crafting_table":3,"minecraft:cooked_chicken":2,"minecraft:oak_pressure_plate":8,"minecraft:wooden_pickaxe":1,"minecraft:iron_sword":1,"minecraft:furnace":2,"minecraft:stone_axe":1,"minecraft:oak_boat":1,"minecraft:shield":1,"minecraft:stick":28,"minecraft:leather_chestplate":1,"minecraft:iron_ingot":8,"minecraft:iron_pickaxe":1,"minecraft:stone_pickaxe":4,"minecraft:wooden_axe":1,"minecraft:stone_sword":2,"minecraft:chest":2,"minecraft:torch":16},"minecraft:mined":{"minecraft:podzol":1,"minecraft:white_bed":6,"minecraft:mossy_cobblestone":19,"minecraft:oak_door":9,"minecraft:dandelion":3,"minecraft:crafting_table":6,"minecraft:cornflower":1,"minecraft:granite":2,"minecraft:short_grass":47,"minecraft:grass_block":13,"minecraft:chest":3,"minecraft:copper_ore":7,"minecraft:oak_pressure_plate":9,"minecraft:tall_grass":8,"minecraft:cobblestone":24,"minecraft:sugar_cane":4,"minecraft:diorite":10,"minecraft:wall_torch":8,"minecraft:seagrass":1,"minecraft:tall_seagrass":2,"minecraft:furnace":10,"minecraft:iron_ore":8,"minecraft:andesite":1,"minecraft:pumpkin":2,"minecraft:coal_ore":20,"minecraft:oak_log":31,"minecraft:sand":1,"minecraft:dirt":20,"minecraft:stripped_oak_log":2,"minecraft:stone":376,"minecraft:oak_leaves":5,"minecraft:fern":8},"minecraft:dropped":{"minecraft:moss_carpet":2,"minecraft:wheat_seeds":8,"minecraft:seagrass":2,"minecraft:arrow":3,"minecraft:egg":1,"minecraft:dandelion":6},"minecraft:killed":{"minecraft:pig":1,"minecraft:sheep":6,"minecraft:skeleton":2,"minecraft:zombie":3,"minecraft:chicken":7,"minecraft:turtle":1,"minecraft:tropical_fish":1,"minecraft:cow":7,"minecraft:enderman":1},"minecraft:broken":{"minecraft:stone_pickaxe":2},"minecraft:killed_by":{"minecraft:skeleton":1,"minecraft:zombie":1}},"DataVersion":3955}