{"stats":{"minecraft:picked_up":{"minecraft:stripped_oak_log":2,"minecraft:seagrass":2,"minecraft:crafting_table":7,"minecraft:feather":8,"minecraft:cooked_beef":10,"minecraft:chicken":7,"minecraft:andesite":1,"minecraft:leather":9,"minecraft:oak_log":31,"minecraft:lapis_lazuli":10,"minecraft:dirt":46,"minecraft:raw_copper":21,"minecraft:moss_carpet":2,"minecraft:cooked_mutton":5,"minecraft:bone":1,"minecraft:wheat_seeds":12,"minecraft:cooked_chicken":5,"minecraft:beef":10,"minecraft:iron_ingot":6,"minecraft:oak_boat":10,"minecraft:iron_nugget":10,"minecraft:spruce_slab":3,"minecraft:sugar_cane":8,"minecraft:chest":4,"minecraft:oak_planks":2,"minecraft:egg":2,"minecraft:furnace":11,"minecraft:raw_iron":8,"minecraft:oak_door":9,"minecraft:pumpkin":2,"minecraft:torch":8,"minecraft:dandelion":6,"minecraft:oak_pressure_plate":9,"minecraft:porkchop":6,"minecraft:sand":2,"minecraft:diorite":10,"minecraft:white_bed":8,"minecraft:mossy_cobblestone":19,"minecraft:arrow":6,"minecraft:granite":2,"minecraft:gold_ingot":3,"minecraft:emerald":10,"minecraft:mutton":9,"minecraft:coal":62,"minecraft:white_wool":6,"minecraft:cobblestone":736},"minecraft:used":{"minecraft:cooked_mutton":2,"minecraft:diorite":10,"minecraft:stone_sword":157,"minecraft:stone_pickaxe":496,"minecraft:leather_chestplate":1,"minecraft:chest":3,"minecraft:wooden_pickaxe":53,"minecraft:cooked_chicken":6,"minecraft:oak_door":10,"minecraft:torch":12,"minecraft:dirt":22,"minecraft:sand":2,"minecraft:mutton":4,"minecraft:crafting_table":7,"minecraft:white_bed":7,"minecraft:granite":2,"minecraft:oak_log":1,"minecraft:wooden_axe":22,"minecraft:oak_pressure_plate":9,"minecraft:stone_axe":56,"minecraft:cobblestone":123,"minecraft:furnace":10,"minecraft:cooked_porkchop":1,"minecraft:andesite":1,"minecraft:oak_boat":10,"minecraft:egg":1},"minecraft:custom":{"minecraft:interact_with_furnace":19,"minecraft:mob_kills":32,"minecraft:interact_with_crafting_table":22,"minecraft:leave_game":3,"minecraft:time_since_death":1409,"minecraft:sleep_in_bed":7,"minecraft:time_since_rest":1468,"minecraft:sprint_one_cm":196153,"minecraft:damage_taken":1747,"minecraft:walk_one_cm":242395,"minecraft:drop":18,"minecraft:damage_dealt":3892,"minecraft:swim_one_cm":12475,"minecraft:talked_to_villager":1,"minecraft:fly_one_cm":152766,"minecraft:open_chest":9,"minecraft:crouch_one_cm":2420,"minecraft:play_time":129994,"minecraft:deaths":5,"minecraft:sneak_time":2374,"minecraft:walk_under_water_one_cm":69567,"minecraft:boat_one_cm":452435,"minecraft:jump":1653,"minecraft:walk_on_water_one_cm":35006,"minecraft:total_world_time":129994,"minecraft:fall_one_cm":36194},"minecraft:crafted":{"minecraft:wooden_sword":1,"minecraft:oak_door":6,"minecraft:oak_planks":128,"minecraft:cooked_porkchop":1,"minecraft:crafting_table":3,"minecraft:cooked_chicken":2,"minecraft:oak_pressure_plate":8,"minecraft:wooden_pickaxe":1,"minecraft:iron_sword":1,"minecraft:furnace":2,"minecraft:stone_axe":1,"minecraft:oak_boat":1,"minecraft:shield":1,"minecraft:stick":28,"minecraft:leather_chestplate":1,"minecraft:iron_ingot":8,"minecraft:iron_pickaxe":1,"minecraft:stone_pickaxe":4,"minecraft:wooden_axe":1,"minecraft:stone_sword":2,"minecraft:chest":2,"minecraft:torch":16},"minecraft:mined":{"minecraft:podzol":1,"minecraft:white_bed":7,"minecraft:mossy_cobblestone":19,"minecraft:oak_door":9,"minecraft:dandelion":3,"minecraft:crafting_table":6,"minecraft:cornflower":1,"minecraft:granite":2,"minecraft:short_grass":69,"minecraft:grass_block":16,"minecraft:jungle_planks":2,"minecraft:chest":4,"minecraft:copper_ore":7,"minecraft:oak_pressure_plate":9,"minecraft:tall_grass":11,"minecraft:cobblestone":27,"minecraft:sugar_cane":4,"minecraft:diorite":10,"minecraft:wall_torch":8,"minecraft:seagrass":2,"minecraft:tall_seagrass":2,"minecraft:furnace":10,"minecraft:iron_ore":8,"minecraft:andesite":1,"minecraft:pumpkin":2,"minecraft:coal_ore":41,"minecraft:oak_log":31,"minecraft:gravel":4,"minecraft:sand":3,"minecraft:dirt":23,"minecraft:stripped_oak_log":2,"minecraft:stone":403,"minecraft:spruce_slab":3,"minecraft:oak_leaves":5,"minecraft:fern":8},"minecraft:dropped":{"minecraft:moss_carpet":2,"minecraft:sugar_cane":4,"minecraft:wheat_seeds":12,"minecraft:wooden_axe":1,"minecraft:seagrass":2,"minecraft:wooden_sword":1,"minecraft:spruce_slab":3,"minecraft:arrow":3,"minecraft:wooden_pickaxe":1,"minecraft:egg":1,"minecraft:dandelion":6},"minecraft:killed":{"minecraft:pig":4,"minecraft:sheep":6,"minecraft:skeleton":2,"minecraft:zombie":3,"minecraft:chicken":7,"minecraft:turtle":1,"minecraft:tropical_fish":1,"minecraft:cow":7,"minecraft:enderman":1},"minecraft:broken":{"minecraft:stone_pickaxe":2},"minecraft:killed_by":{"minecraft:skeleton":1,"minecraft:zombie":1,"minecraft:enderman":1}},"DataVersion":3955}