{"stats":{"minecraft:picked_up":{"minecraft:stripped_oak_log":2,"minecraft:crafting_table":5,"minecraft:chicken":1,"minecraft:andesite":1,"minecraft:oak_log":31,"minecraft:dirt":16,"minecraft:iron_ingot":2,"minecraft:chest":3,"minecraft:oak_planks":2,"minecraft:furnace":4,"minecraft:raw_iron":8,"minecraft:oak_door":9,"minecraft:torch":8,"minecraft:dandelion":1,"minecraft:oak_pressure_plate":9,"minecraft:diorite":10,"minecraft:white_bed":3,"minecraft:granite":2,"minecraft:coal":34,"minecraft:cobblestone":682},"minecraft:used":{"minecraft:diorite":10,"minecraft:stone_sword":10,"minecraft:stone_pickaxe":373,"minecraft:chest":3,"minecraft:wooden_pickaxe":53,"minecraft:oak_door":10,"minecraft:torch":12,"minecraft:dirt":5,"minecraft:crafting_table":5,"minecraft:white_bed":2,"minecraft:granite":2,"minecraft:oak_log":1,"minecraft:wooden_axe":22,"minecraft:oak_pressure_plate":9,"minecraft:stone_axe":37,"minecraft:cobblestone":37,"minecraft:furnace":4,"minecraft:andesite":1},"minecraft:custom":{"minecraft:interact_with_furnace":4,"minecraft:mob_kills":2,"minecraft:interact_with_crafting_table":19,"minecraft:leave_game":2,"minecraft:time_since_death":8908,"minecraft:sleep_in_bed":2,"minecraft:time_since_rest":8941,"minecraft:sprint_one_cm":52245,"minecraft:damage_taken":570,"minecraft:walk_one_cm":108238,"minecraft:damage_dealt":430,"minecraft:fly_one_cm":34834,"minecraft:open_chest":7,"minecraft:crouch_one_cm":351,"minecraft:play_time":56924,"minecraft:deaths":2,"minecraft:sneak_time":701,"minecraft:walk_under_water_one_cm":30410,"minecraft:jump":504,"minecraft:walk_on_water_one_cm":21013,"minecraft:total_world_time":56924,"minecraft:fall_one_cm":11710},"minecraft:mined":{"minecraft:white_bed":2,"minecraft:oak_door":9,"minecraft:dandelion":1,"minecraft:crafting_table":4,"minecraft:cornflower":1,"minecraft:granite":2,"minecraft:short_grass":13,"minecraft:grass_block":3,"minecraft:chest":3,"minecraft:oak_pressure_plate":9,"minecraft:tall_grass":1,"minecraft:cobblestone":5,"minecraft:diorite":10,"minecraft:wall_torch":8,"minecraft:furnace":4,"minecraft:iron_ore":8,"minecraft:andesite":1,"minecraft:coal_ore":20,"minecraft:oak_log":31,"minecraft:dirt":7,"minecraft:stripped_oak_log":2,"minecraft:stone":371},"minecraft:crafted":{"minecraft:wooden_sword":1,"minecraft:oak_door":6,"minecraft:oak_planks":84,"minecraft:crafting_table":3,"minecraft:oak_pressure_plate":8,"minecraft:wooden_pickaxe":1,"minecraft:iron_sword":1,"minecraft:furnace":2,"minecraft:stone_axe":1,"minecraft:shield":1,"minecraft:stick":28,"minecraft:iron_ingot":8,"minecraft:iron_pickaxe":1,"minecraft:stone_pickaxe":4,"minecraft:wooden_axe":1,"minecraft:stone_sword":2,"minecraft:chest":2,"minecraft:torch":16},"minecraft:killed":{"minecraft:chicken":1,"minecraft:enderman":1},"minecraft:broken":{"minecraft:stone_pickaxe":2},"minecraft:killed_by":{"minecraft:skeleton":1}},"DataVersion":3955}