{"stats":{"minecraft:crafted":{"minecraft:stone_sword":1,"minecraft:wooden_sword":1,"minecraft:oak_planks":28,"minecraft:torch":16,"minecraft:crafting_table":2,"minecraft:stick":12,"minecraft:stone_pickaxe":1,"minecraft:wooden_pickaxe":1,"minecraft:wooden_axe":1},"minecraft:used":{"minecraft:wooden_axe":1,"minecraft:oak_log":1,"minecraft:torch":3,"minecraft:crafting_table":2,"minecraft:stone_pickaxe":118,"minecraft:wooden_pickaxe":51},"minecraft:mined":{"minecraft:short_grass":4,"minecraft:coal_ore":4,"minecraft:grass_block":1,"minecraft:oak_log":8,"minecraft:dirt":5,"minecraft:stone":161,"minecraft:crafting_table":1},"minecraft:picked_up":{"minecraft:oak_log":8,"minecraft:white_bed":1,"minecraft:crafting_table":1,"minecraft:coal":4,"minecraft:dirt":6,"minecraft:cobblestone":160},"minecraft:custom":{"minecraft:time_since_rest":13599,"minecraft:play_time":13599,"minecraft:sprint_one_cm":10194,"minecraft:damage_taken":50,"minecraft:walk_one_cm":21603,"minecraft:sneak_time":47,"minecraft:jump":75,"minecraft:time_since_death":13599,"minecraft:walk_on_water_one_cm":25,"minecraft:total_world_time":13599,"minecraft:interact_with_crafting_table":4,"minecraft:fall_one_cm":2423,"minecraft:fly_one_cm":8047}},"DataVersion":3955}