{"stats":{"minecraft:broken":{"minecraft:stone_pickaxe":2},"minecraft:crafted":{"minecraft:wooden_sword":1,"minecraft:oak_door":6,"minecraft:oak_planks":84,"minecraft:shield":1,"minecraft:crafting_table":3,"minecraft:stick":20,"minecraft:iron_sword":1,"minecraft:iron_pickaxe":1,"minecraft:iron_ingot":8,"minecraft:oak_pressure_plate":8,"minecraft:wooden_pickaxe":1,"minecraft:stone_pickaxe":3,"minecraft:wooden_axe":1,"minecraft:stone_sword":1,"minecraft:chest":2,"minecraft:furnace":2,"minecraft:torch":16},"minecraft:used":{"minecraft:oak_log":1,"minecraft:wooden_axe":19,"minecraft:diorite":10,"minecraft:stone_sword":1,"minecraft:stone_pickaxe":373,"minecraft:chest":3,"minecraft:wooden_pickaxe":51,"minecraft:oak_pressure_plate":9,"minecraft:oak_door":10,"minecraft:torch":12,"minecraft:dirt":5,"minecraft:cobblestone":37,"minecraft:crafting_table":5,"minecraft:furnace":4,"minecraft:andesite":1,"minecraft:white_bed":2,"minecraft:granite":2},"minecraft:mined":{"minecraft:white_bed":1,"minecraft:furnace":2,"minecraft:oak_door":5,"minecraft:iron_ore":8,"minecraft:andesite":1,"minecraft:crafting_table":3,"minecraft:granite":2,"minecraft:short_grass":6,"minecraft:oak_log":20,"minecraft:grass_block":3,"minecraft:coal_ore":20,"minecraft:chest":1,"minecraft:dirt":7,"minecraft:stripped_oak_log":2,"minecraft:oak_pressure_plate":1,"minecraft:tall_grass":1,"minecraft:cobblestone":5,"minecraft:stone":371,"minecraft:diorite":10,"minecraft:wall_torch":4},"minecraft:picked_up":{"minecraft:stripped_oak_log":2,"minecraft:raw_iron":8,"minecraft:crafting_table":3,"minecraft:oak_door":5,"minecraft:andesite":1,"minecraft:torch":4,"minecraft:oak_pressure_plate":1,"minecraft:oak_log":20,"minecraft:diorite":10,"minecraft:white_bed":2,"minecraft:dirt":10,"minecraft:granite":2,"minecraft:chest":1,"minecraft:coal":20,"minecraft:cobblestone":373,"minecraft:furnace":2},"minecraft:custom":{"minecraft:time_since_rest":377,"minecraft:interact_with_furnace":4,"minecraft:sprint_one_cm":29097,"minecraft:damage_taken":150,"minecraft:walk_one_cm":77672,"minecraft:interact_with_crafting_table":16,"minecraft:fly_one_cm":14542,"minecraft:open_chest":4,"minecraft:crouch_one_cm":351,"minecraft:play_time":40162,"minecraft:sneak_time":580,"minecraft:walk_under_water_one_cm":5651,"minecraft:jump":297,"minecraft:leave_game":1,"minecraft:walk_on_water_one_cm":5716,"minecraft:time_since_death":40162,"minecraft:sleep_in_bed":1,"minecraft:total_world_time":40162,"minecraft:fall_one_cm":4496}},"DataVersion":3955}