{"stats":{"minecraft:broken":{"minecraft:stone_pickaxe":2},"minecraft:crafted":{"minecraft:wooden_sword":1,"minecraft:oak_door":6,"minecraft:oak_planks":84,"minecraft:shield":1,"minecraft:crafting_table":3,"minecraft:stick":20,"minecraft:wooden_pickaxe":1,"minecraft:oak_pressure_plate":8,"minecraft:iron_ingot":8,"minecraft:iron_pickaxe":1,"minecraft:stone_pickaxe":3,"minecraft:wooden_axe":1,"minecraft:stone_sword":1,"minecraft:chest":2,"minecraft:iron_sword":1,"minecraft:furnace":2,"minecraft:torch":16},"minecraft:used":{"minecraft:oak_log":1,"minecraft:wooden_axe":19,"minecraft:diorite":10,"minecraft:stone_sword":1,"minecraft:stone_pickaxe":373,"minecraft:chest":3,"minecraft:wooden_pickaxe":51,"minecraft:oak_pressure_plate":9,"minecraft:oak_door":10,"minecraft:torch":12,"minecraft:dirt":5,"minecraft:cobblestone":37,"minecraft:crafting_table":5,"minecraft:furnace":4,"minecraft:andesite":1,"minecraft:white_bed":2,"minecraft:granite":2},"minecraft:mined":{"minecraft:white_bed":1,"minecraft:furnace":2,"minecraft:oak_door":5,"minecraft:iron_ore":8,"minecraft:andesite":1,"minecraft:crafting_table":3,"minecraft:granite":2,"minecraft:short_grass":7,"minecraft:grass_block":3,"minecraft:oak_log":20,"minecraft:coal_ore":20,"minecraft:chest":1,"minecraft:dirt":7,"minecraft:stripped_oak_log":2,"minecraft:oak_pressure_plate":1,"minecraft:tall_grass":1,"minecraft:cobblestone":5,"minecraft:stone":371,"minecraft:diorite":10,"minecraft:wall_torch":4},"minecraft:killed_by":{"minecraft:skeleton":1},"minecraft:picked_up":{"minecraft:stripped_oak_log":2,"minecraft:crafting_table":3,"minecraft:raw_iron":8,"minecraft:oak_door":5,"minecraft:andesite":1,"minecraft:torch":4,"minecraft:oak_pressure_plate":1,"minecraft:oak_log":20,"minecraft:diorite":10,"minecraft:white_bed":2,"minecraft:dirt":10,"minecraft:granite":2,"minecraft:chest":1,"minecraft:coal":20,"minecraft:cobblestone":373,"minecraft:furnace":2},"minecraft:custom":{"minecraft:time_since_rest":1192,"minecraft:interact_with_furnace":4,"minecraft:sprint_one_cm":34054,"minecraft:damage_taken":570,"minecraft:walk_one_cm":95696,"minecraft:damage_dealt":9,"minecraft:interact_with_crafting_table":16,"minecraft:open_chest":6,"minecraft:fly_one_cm":17127,"minecraft:crouch_one_cm":351,"minecraft:play_time":49175,"minecraft:deaths":2,"minecraft:sneak_time":701,"minecraft:walk_under_water_one_cm":30410,"minecraft:jump":395,"minecraft:leave_game":2,"minecraft:time_since_death":1159,"minecraft:walk_on_water_one_cm":21013,"minecraft:sleep_in_bed":2,"minecraft:total_world_time":49175,"minecraft:fall_one_cm":9353}},"DataVersion":3955}