{"stats":{"minecraft:broken":{"minecraft:stone_pickaxe":2},"minecraft:crafted":{"minecraft:wooden_sword":1,"minecraft:oak_door":6,"minecraft:oak_planks":84,"minecraft:crafting_table":2,"minecraft:stick":16,"minecraft:oak_pressure_plate":8,"minecraft:wooden_pickaxe":1,"minecraft:stone_pickaxe":3,"minecraft:wooden_axe":1,"minecraft:stone_sword":1,"minecraft:chest":2,"minecraft:torch":16},"minecraft:used":{"minecraft:oak_log":1,"minecraft:wooden_axe":19,"minecraft:stone_sword":1,"minecraft:stone_pickaxe":311,"minecraft:chest":3,"minecraft:wooden_pickaxe":51,"minecraft:oak_pressure_plate":9,"minecraft:oak_door":10,"minecraft:torch":11,"minecraft:dirt":2,"minecraft:cobblestone":5,"minecraft:crafting_table":4,"minecraft:white_bed":2},"minecraft:mined":{"minecraft:white_bed":1,"minecraft:oak_door":5,"minecraft:andesite":1,"minecraft:crafting_table":2,"minecraft:short_grass":6,"minecraft:oak_log":20,"minecraft:grass_block":1,"minecraft:coal_ore":18,"minecraft:chest":1,"minecraft:dirt":6,"minecraft:stripped_oak_log":2,"minecraft:oak_pressure_plate":1,"minecraft:tall_grass":1,"minecraft:cobblestone":5,"minecraft:stone":329,"minecraft:diorite":4,"minecraft:wall_torch":1},"minecraft:picked_up":{"minecraft:stripped_oak_log":2,"minecraft:crafting_table":2,"minecraft:oak_door":5,"minecraft:torch":1,"minecraft:oak_pressure_plate":1,"minecraft:oak_log":20,"minecraft:diorite":4,"minecraft:white_bed":2,"minecraft:dirt":7,"minecraft:chest":1,"minecraft:coal":13,"minecraft:cobblestone":333},"minecraft:custom":{"minecraft:time_since_rest":31599,"minecraft:sprint_one_cm":22645,"minecraft:damage_taken":100,"minecraft:walk_one_cm":65298,"minecraft:interact_with_crafting_table":14,"minecraft:fly_one_cm":13162,"minecraft:open_chest":2,"minecraft:play_time":31599,"minecraft:sneak_time":92,"minecraft:walk_under_water_one_cm":5651,"minecraft:jump":212,"minecraft:walk_on_water_one_cm":5648,"minecraft:time_since_death":31599,"minecraft:total_world_time":31599,"minecraft:fall_one_cm":3740}},"DataVersion":3955}