{"stats":{"minecraft:picked_up":{"minecraft:stripped_oak_log":2,"minecraft:seagrass":2,"minecraft:crafting_table":6,"minecraft:feather":8,"minecraft:chicken":5,"minecraft:andesite":1,"minecraft:leather":5,"minecraft:oak_log":31,"minecraft:dirt":29,"minecraft:bone":1,"minecraft:wheat_seeds":1,"minecraft:beef":6,"minecraft:iron_ingot":2,"minecraft:oak_boat":2,"minecraft:chest":3,"minecraft:oak_planks":2,"minecraft:furnace":8,"minecraft:raw_iron":8,"minecraft:oak_door":9,"minecraft:pumpkin":2,"minecraft:torch":8,"minecraft:dandelion":3,"minecraft:oak_pressure_plate":9,"minecraft:porkchop":1,"minecraft:diorite":10,"minecraft:white_bed":6,"minecraft:arrow":3,"minecraft:granite":2,"minecraft:coal":34,"minecraft:cobblestone":701},"minecraft:used":{"minecraft:diorite":10,"minecraft:stone_sword":86,"minecraft:stone_pickaxe":396,"minecraft:chest":3,"minecraft:wooden_pickaxe":53,"minecraft:cooked_chicken":2,"minecraft:oak_door":10,"minecraft:torch":12,"minecraft:dirt":22,"minecraft:crafting_table":6,"minecraft:white_bed":5,"minecraft:granite":2,"minecraft:oak_log":1,"minecraft:wooden_axe":22,"minecraft:oak_pressure_plate":9,"minecraft:stone_axe":46,"minecraft:cobblestone":84,"minecraft:furnace":7,"minecraft:cooked_porkchop":1,"minecraft:andesite":1,"minecraft:oak_boat":2},"minecraft:custom":{"minecraft:interact_with_furnace":9,"minecraft:mob_kills":17,"minecraft:interact_with_crafting_table":20,"minecraft:leave_game":2,"minecraft:time_since_death":3733,"minecraft:sleep_in_bed":4,"minecraft:time_since_rest":3788,"minecraft:sprint_one_cm":114113,"minecraft:damage_taken":1215,"minecraft:walk_one_cm":164338,"minecraft:damage_dealt":2481,"minecraft:swim_one_cm":7735,"minecraft:talked_to_villager":1,"minecraft:fly_one_cm":72202,"minecraft:open_chest":7,"minecraft:crouch_one_cm":1846,"minecraft:play_time":80924,"minecraft:deaths":4,"minecraft:sneak_time":1576,"minecraft:walk_under_water_one_cm":33887,"minecraft:boat_one_cm":113551,"minecraft:jump":971,"minecraft:walk_on_water_one_cm":25345,"minecraft:total_world_time":80924,"minecraft:fall_one_cm":21290},"minecraft:mined":{"minecraft:white_bed":5,"minecraft:oak_door":9,"minecraft:dandelion":3,"minecraft:crafting_table":5,"minecraft:cornflower":1,"minecraft:granite":2,"minecraft:short_grass":30,"minecraft:grass_block":6,"minecraft:chest":3,"minecraft:oak_pressure_plate":9,"minecraft:tall_grass":3,"minecraft:cobblestone":24,"minecraft:diorite":10,"minecraft:wall_torch":8,"minecraft:seagrass":1,"minecraft:tall_seagrass":2,"minecraft:furnace":7,"minecraft:iron_ore":8,"minecraft:andesite":1,"minecraft:pumpkin":2,"minecraft:coal_ore":20,"minecraft:oak_log":31,"minecraft:dirt":17,"minecraft:stripped_oak_log":2,"minecraft:stone":371,"minecraft:oak_leaves":5},"minecraft:crafted":{"minecraft:wooden_sword":1,"minecraft:oak_door":6,"minecraft:oak_planks":128,"minecraft:cooked_porkchop":1,"minecraft:crafting_table":3,"minecraft:cooked_chicken":2,"minecraft:oak_pressure_plate":8,"minecraft:wooden_pickaxe":1,"minecraft:iron_sword":1,"minecraft:furnace":2,"minecraft:stone_axe":1,"minecraft:oak_boat":1,"minecraft:shield":1,"minecraft:stick":28,"minecraft:iron_ingot":8,"minecraft:iron_pickaxe":1,"minecraft:stone_pickaxe":4,"minecraft:wooden_axe":1,"minecraft:stone_sword":2,"minecraft:chest":2,"minecraft:torch":16},"minecraft:killed":{"minecraft:pig":1,"minecraft:skeleton":2,"minecraft:zombie":3,"minecraft:chicken":5,"minecraft:turtle":1,"minecraft:cow":4,"minecraft:enderman":1},"minecraft:broken":{"minecraft:stone_pickaxe":2},"minecraft:killed_by":{"minecraft:skeleton":1,"minecraft:zombie":1}},"DataVersion":3955}