{"stats":{"minecraft:picked_up":{"minecraft:coarse_dirt":2,"minecraft:crafting_table":3,"minecraft:brown_mushroom":34,"minecraft:red_mushroom":1,"minecraft:oak_log":15,"minecraft:dirt":115,"minecraft:wheat_seeds":3,"minecraft:oak_boat":2,"minecraft:birch_sapling":2,"minecraft:oak_planks":3,"minecraft:egg":4,"minecraft:stick":2,"minecraft:pumpkin":10,"minecraft:sweet_berries":11,"minecraft:sand":3,"minecraft:spruce_sapling":4,"minecraft:spruce_log":1,"minecraft:oak_sapling":3,"minecraft:black_wool":1,"minecraft:mutton":7,"minecraft:coal":22,"minecraft:white_wool":4,"minecraft:cobblestone":36},"minecraft:used":{"minecraft:cooked_mutton":4,"minecraft:stone_pickaxe":19,"minecraft:oak_planks":5,"minecraft:wooden_pickaxe":70,"minecraft:brown_mushroom":1,"minecraft:white_wool":1,"minecraft:dirt":65,"minecraft:crafting_table":4,"minecraft:white_bed":1,"minecraft:oak_log":3,"minecraft:birch_sapling":2,"minecraft:spruce_sapling":2,"minecraft:cobblestone":1,"minecraft:furnace":2,"minecraft:oak_boat":2,"minecraft:coarse_dirt":1},"minecraft:custom":{"minecraft:interact_with_furnace":5,"minecraft:mob_kills":4,"minecraft:interact_with_crafting_table":11,"minecraft:leave_game":7,"minecraft:time_since_death":19350,"minecraft:sleep_in_bed":2,"minecraft:time_since_rest":534,"minecraft:damage_taken":1285,"minecraft:walk_one_cm":497658,"minecraft:drop":2,"minecraft:damage_dealt":318,"minecraft:talked_to_villager":1,"minecraft:fly_one_cm":2079,"minecraft:crouch_one_cm":489,"minecraft:play_time":113573,"minecraft:deaths":4,"minecraft:sneak_time":789,"minecraft:walk_under_water_one_cm":12730,"minecraft:boat_one_cm":103906,"minecraft:jump":1011,"minecraft:walk_on_water_one_cm":43466,"minecraft:total_world_time":113573,"minecraft:fall_one_cm":20366},"minecraft:crafted":{"minecraft:oak_planks":36,"minecraft:crafting_table":2,"minecraft:wooden_pickaxe":2,"minecraft:bowl":4,"minecraft:furnace":2,"minecraft:cooked_mutton":4,"minecraft:oak_boat":1,"minecraft:stick":8,"minecraft:stone_pickaxe":1,"minecraft:stone_sword":1,"minecraft:white_bed":1,"minecraft:torch":4},"minecraft:mined":{"minecraft:podzol":2,"minecraft:brown_mushroom":34,"minecraft:crafting_table":2,"minecraft:short_grass":21,"minecraft:grass_block":28,"minecraft:dead_bush":1,"minecraft:tall_grass":2,"minecraft:cobblestone":1,"minecraft:spruce_leaves":18,"minecraft:oak_planks":3,"minecraft:red_mushroom":1,"minecraft:large_fern":1,"minecraft:coarse_dirt":2,"minecraft:sweet_berry_bush":4,"minecraft:spruce_log":1,"minecraft:birch_leaves":9,"minecraft:pumpkin":10,"minecraft:coal_ore":22,"minecraft:oak_log":15,"minecraft:dirt":82,"minecraft:sand":3,"minecraft:stone":35,"minecraft:white_wool":1,"minecraft:oak_leaves":25,"minecraft:fern":5},"minecraft:dropped":{"minecraft:crafting_table":1,"minecraft:dirt":3},"minecraft:broken":{"minecraft:wooden_pickaxe":1},"minecraft:killed":{"minecraft:sheep":4},"minecraft:killed_by":{"minecraft:zombie":4}},"DataVersion":3955}