{"stats":{"minecraft:picked_up":{"minecraft:coarse_dirt":2,"minecraft:crafting_table":2,"minecraft:brown_mushroom":27,"minecraft:spruce_sapling":1,"minecraft:oak_log":15,"minecraft:spruce_log":1,"minecraft:dirt":70,"minecraft:oak_sapling":1,"minecraft:mutton":4,"minecraft:birch_sapling":2,"minecraft:oak_planks":2,"minecraft:coal":20,"minecraft:white_wool":3,"minecraft:cobblestone":22},"minecraft:used":{"minecraft:oak_log":3,"minecraft:cooked_mutton":2,"minecraft:stone_pickaxe":3,"minecraft:birch_sapling":2,"minecraft:oak_planks":4,"minecraft:wooden_pickaxe":57,"minecraft:brown_mushroom":1,"minecraft:white_wool":1,"minecraft:dirt":38,"minecraft:cobblestone":1,"minecraft:crafting_table":2,"minecraft:furnace":1,"minecraft:coarse_dirt":1},"minecraft:custom":{"minecraft:time_since_rest":37380,"minecraft:interact_with_furnace":5,"minecraft:damage_taken":400,"minecraft:walk_one_cm":188324,"minecraft:mob_kills":2,"minecraft:drop":2,"minecraft:damage_dealt":159,"minecraft:talked_to_villager":1,"minecraft:interact_with_crafting_table":8,"minecraft:fly_one_cm":282,"minecraft:crouch_one_cm":225,"minecraft:play_time":59926,"minecraft:deaths":1,"minecraft:sneak_time":299,"minecraft:walk_under_water_one_cm":5722,"minecraft:jump":489,"minecraft:leave_game":5,"minecraft:walk_on_water_one_cm":7737,"minecraft:time_since_death":37099,"minecraft:total_world_time":59926,"minecraft:fall_one_cm":11522},"minecraft:crafted":{"minecraft:oak_planks":24,"minecraft:crafting_table":1,"minecraft:stick":8,"minecraft:wooden_pickaxe":2,"minecraft:stone_pickaxe":1,"minecraft:stone_sword":1,"minecraft:bowl":4,"minecraft:furnace":1,"minecraft:cooked_mutton":4},"minecraft:mined":{"minecraft:large_fern":1,"minecraft:podzol":2,"minecraft:coarse_dirt":2,"minecraft:brown_mushroom":27,"minecraft:spruce_log":1,"minecraft:birch_leaves":7,"minecraft:crafting_table":1,"minecraft:short_grass":2,"minecraft:coal_ore":20,"minecraft:grass_block":16,"minecraft:oak_log":15,"minecraft:dirt":49,"minecraft:cobblestone":1,"minecraft:spruce_leaves":6,"minecraft:stone":21,"minecraft:white_wool":1,"minecraft:oak_planks":2,"minecraft:oak_leaves":11,"minecraft:fern":1},"minecraft:dropped":{"minecraft:dirt":3,"minecraft:crafting_table":1},"minecraft:broken":{"minecraft:wooden_pickaxe":1},"minecraft:killed":{"minecraft:sheep":2},"minecraft:killed_by":{"minecraft:zombie":1}},"DataVersion":3955}