{"stats":{"minecraft:picked_up":{"minecraft:crafting_table":2,"minecraft:stick":2,"minecraft:coarse_dirt":2,"minecraft:sweet_berries":11,"minecraft:brown_mushroom":34,"minecraft:red_mushroom":1,"minecraft:sand":3,"minecraft:oak_log":15,"minecraft:spruce_sapling":4,"minecraft:spruce_log":1,"minecraft:dirt":82,"minecraft:wheat_seeds":1,"minecraft:black_wool":1,"minecraft:oak_sapling":3,"minecraft:birch_sapling":2,"minecraft:mutton":7,"minecraft:oak_planks":2,"minecraft:coal":22,"minecraft:white_wool":4,"minecraft:cobblestone":36},"minecraft:used":{"minecraft:oak_log":3,"minecraft:stone_pickaxe":19,"minecraft:birch_sapling":2,"minecraft:oak_planks":4,"minecraft:wooden_pickaxe":70,"minecraft:brown_mushroom":1,"minecraft:white_wool":1,"minecraft:dirt":49,"minecraft:cobblestone":1,"minecraft:crafting_table":2,"minecraft:furnace":1,"minecraft:coarse_dirt":1,"minecraft:cooked_mutton":3},"minecraft:custom":{"minecraft:time_since_rest":98,"minecraft:interact_with_furnace":5,"minecraft:damage_taken":730,"minecraft:walk_one_cm":369857,"minecraft:mob_kills":4,"minecraft:drop":2,"minecraft:damage_dealt":318,"minecraft:interact_with_crafting_table":8,"minecraft:talked_to_villager":1,"minecraft:fly_one_cm":823,"minecraft:crouch_one_cm":294,"minecraft:play_time":87133,"minecraft:deaths":2,"minecraft:sneak_time":324,"minecraft:walk_under_water_one_cm":12730,"minecraft:jump":836,"minecraft:leave_game":6,"minecraft:time_since_death":63,"minecraft:walk_on_water_one_cm":42737,"minecraft:total_world_time":87133,"minecraft:fall_one_cm":17259},"minecraft:crafted":{"minecraft:oak_planks":24,"minecraft:crafting_table":1,"minecraft:stick":8,"minecraft:wooden_pickaxe":2,"minecraft:stone_pickaxe":1,"minecraft:stone_sword":1,"minecraft:bowl":4,"minecraft:furnace":1,"minecraft:torch":4,"minecraft:cooked_mutton":4},"minecraft:mined":{"minecraft:podzol":2,"minecraft:large_fern":1,"minecraft:coarse_dirt":2,"minecraft:brown_mushroom":34,"minecraft:sweet_berry_bush":4,"minecraft:spruce_log":1,"minecraft:birch_leaves":9,"minecraft:crafting_table":1,"minecraft:short_grass":4,"minecraft:grass_block":24,"minecraft:oak_log":15,"minecraft:coal_ore":22,"minecraft:dead_bush":1,"minecraft:sand":3,"minecraft:dirt":53,"minecraft:cobblestone":1,"minecraft:spruce_leaves":18,"minecraft:stone":35,"minecraft:oak_planks":2,"minecraft:red_mushroom":1,"minecraft:white_wool":1,"minecraft:oak_leaves":25,"minecraft:fern":5},"minecraft:dropped":{"minecraft:dirt":3,"minecraft:crafting_table":1},"minecraft:broken":{"minecraft:wooden_pickaxe":1},"minecraft:killed":{"minecraft:sheep":4},"minecraft:killed_by":{"minecraft:zombie":2}},"DataVersion":3955}