{"stats":{"minecraft:picked_up":{"minecraft:crafting_table":2,"minecraft:oak_log":15,"minecraft:dirt":21,"minecraft:oak_sapling":1,"minecraft:birch_sapling":2,"minecraft:oak_planks":1,"minecraft:coal":20,"minecraft:cobblestone":10},"minecraft:used":{"minecraft:oak_log":3,"minecraft:birch_sapling":2,"minecraft:oak_planks":1,"minecraft:wooden_pickaxe":35,"minecraft:dirt":21,"minecraft:cobblestone":1,"minecraft:crafting_table":1},"minecraft:custom":{"minecraft:time_since_rest":12009,"minecraft:damage_taken":260,"minecraft:walk_one_cm":105438,"minecraft:drop":1,"minecraft:interact_with_crafting_table":1,"minecraft:fly_one_cm":187,"minecraft:crouch_one_cm":153,"minecraft:play_time":34555,"minecraft:deaths":1,"minecraft:sneak_time":93,"minecraft:walk_under_water_one_cm":4518,"minecraft:jump":255,"minecraft:leave_game":5,"minecraft:walk_on_water_one_cm":2147,"minecraft:time_since_death":11728,"minecraft:total_world_time":34555,"minecraft:fall_one_cm":6393},"minecraft:mined":{"minecraft:birch_leaves":6,"minecraft:crafting_table":1,"minecraft:short_grass":2,"minecraft:coal_ore":20,"minecraft:grass_block":7,"minecraft:oak_log":15,"minecraft:dirt":14,"minecraft:cobblestone":1,"minecraft:stone":9,"minecraft:oak_planks":1,"minecraft:oak_leaves":11},"minecraft:crafted":{"minecraft:oak_planks":24,"minecraft:crafting_table":1,"minecraft:stick":4,"minecraft:wooden_pickaxe":1},"minecraft:dropped":{"minecraft:crafting_table":1},"minecraft:killed_by":{"minecraft:zombie":1}},"DataVersion":3955}