{"stats":{"minecraft:dropped":{"minecraft:crafting_table":1},"minecraft:crafted":{"minecraft:oak_planks":24,"minecraft:crafting_table":1,"minecraft:stick":4,"minecraft:wooden_pickaxe":1},"minecraft:used":{"minecraft:dirt":4,"minecraft:crafting_table":1,"minecraft:wooden_pickaxe":1},"minecraft:mined":{"minecraft:short_grass":1,"minecraft:grass_block":3,"minecraft:oak_log":6,"minecraft:dirt":1,"minecraft:oak_leaves":4,"minecraft:crafting_table":1},"minecraft:picked_up":{"minecraft:crafting_table":2,"minecraft:oak_log":6,"minecraft:oak_sapling":1,"minecraft:dirt":4},"minecraft:custom":{"minecraft:time_since_rest":11418,"minecraft:play_time":11418,"minecraft:damage_taken":10,"minecraft:walk_one_cm":17206,"minecraft:sneak_time":31,"minecraft:drop":1,"minecraft:jump":24,"minecraft:leave_game":2,"minecraft:time_since_death":11418,"minecraft:total_world_time":11418,"minecraft:interact_with_crafting_table":1,"minecraft:fall_one_cm":604}},"DataVersion":3955}