{"stats":{"minecraft:picked_up":{"minecraft:crafting_table":2,"minecraft:stick":1,"minecraft:coarse_dirt":2,"minecraft:brown_mushroom":29,"minecraft:red_mushroom":1,"minecraft:oak_log":15,"minecraft:spruce_sapling":4,"minecraft:spruce_log":1,"minecraft:dirt":78,"minecraft:oak_sapling":3,"minecraft:birch_sapling":2,"minecraft:mutton":4,"minecraft:oak_planks":2,"minecraft:coal":22,"minecraft:white_wool":3,"minecraft:cobblestone":36},"minecraft:used":{"minecraft:oak_log":3,"minecraft:stone_pickaxe":19,"minecraft:birch_sapling":2,"minecraft:oak_planks":4,"minecraft:wooden_pickaxe":57,"minecraft:brown_mushroom":1,"minecraft:white_wool":1,"minecraft:dirt":49,"minecraft:cobblestone":1,"minecraft:crafting_table":2,"minecraft:furnace":1,"minecraft:coarse_dirt":1,"minecraft:cooked_mutton":3},"minecraft:custom":{"minecraft:time_since_rest":52587,"minecraft:interact_with_furnace":5,"minecraft:damage_taken":510,"minecraft:walk_one_cm":256206,"minecraft:mob_kills":2,"minecraft:drop":2,"minecraft:damage_dealt":159,"minecraft:interact_with_crafting_table":8,"minecraft:talked_to_villager":1,"minecraft:fly_one_cm":443,"minecraft:crouch_one_cm":294,"minecraft:play_time":75133,"minecraft:deaths":1,"minecraft:sneak_time":324,"minecraft:walk_under_water_one_cm":7906,"minecraft:jump":713,"minecraft:leave_game":6,"minecraft:time_since_death":52306,"minecraft:walk_on_water_one_cm":28910,"minecraft:total_world_time":75133,"minecraft:fall_one_cm":15233},"minecraft:crafted":{"minecraft:oak_planks":24,"minecraft:crafting_table":1,"minecraft:stick":8,"minecraft:wooden_pickaxe":2,"minecraft:stone_pickaxe":1,"minecraft:stone_sword":1,"minecraft:bowl":4,"minecraft:furnace":1,"minecraft:torch":4,"minecraft:cooked_mutton":4},"minecraft:mined":{"minecraft:podzol":2,"minecraft:large_fern":1,"minecraft:coarse_dirt":2,"minecraft:brown_mushroom":29,"minecraft:spruce_log":1,"minecraft:birch_leaves":9,"minecraft:crafting_table":1,"minecraft:short_grass":3,"minecraft:grass_block":21,"minecraft:oak_log":15,"minecraft:coal_ore":22,"minecraft:dirt":52,"minecraft:cobblestone":1,"minecraft:spruce_leaves":18,"minecraft:stone":35,"minecraft:oak_planks":2,"minecraft:red_mushroom":1,"minecraft:white_wool":1,"minecraft:oak_leaves":24,"minecraft:fern":1},"minecraft:dropped":{"minecraft:dirt":3,"minecraft:crafting_table":1},"minecraft:broken":{"minecraft:wooden_pickaxe":1},"minecraft:killed":{"minecraft:sheep":2},"minecraft:killed_by":{"minecraft:zombie":1}},"DataVersion":3955}