{"stats":{"minecraft:picked_up":{"minecraft:coarse_dirt":1,"minecraft:crafting_table":2,"minecraft:brown_mushroom":18,"minecraft:spruce_sapling":1,"minecraft:oak_log":15,"minecraft:spruce_log":1,"minecraft:dirt":38,"minecraft:oak_sapling":1,"minecraft:mutton":4,"minecraft:birch_sapling":2,"minecraft:oak_planks":2,"minecraft:coal":20,"minecraft:white_wool":2,"minecraft:cobblestone":10},"minecraft:used":{"minecraft:oak_log":3,"minecraft:birch_sapling":2,"minecraft:oak_planks":4,"minecraft:wooden_pickaxe":47,"minecraft:brown_mushroom":1,"minecraft:dirt":35,"minecraft:cobblestone":1,"minecraft:crafting_table":1},"minecraft:custom":{"minecraft:time_since_rest":25380,"minecraft:damage_taken":400,"minecraft:walk_one_cm":163751,"minecraft:mob_kills":2,"minecraft:drop":2,"minecraft:damage_dealt":159,"minecraft:interact_with_crafting_table":1,"minecraft:fly_one_cm":282,"minecraft:crouch_one_cm":225,"minecraft:play_time":47926,"minecraft:deaths":1,"minecraft:sneak_time":299,"minecraft:walk_under_water_one_cm":4518,"minecraft:jump":458,"minecraft:leave_game":5,"minecraft:walk_on_water_one_cm":2147,"minecraft:time_since_death":25099,"minecraft:total_world_time":47926,"minecraft:fall_one_cm":11253},"minecraft:crafted":{"minecraft:oak_planks":24,"minecraft:crafting_table":1,"minecraft:stick":4,"minecraft:wooden_pickaxe":1},"minecraft:mined":{"minecraft:podzol":2,"minecraft:coarse_dirt":1,"minecraft:brown_mushroom":18,"minecraft:spruce_log":1,"minecraft:birch_leaves":7,"minecraft:crafting_table":1,"minecraft:short_grass":2,"minecraft:coal_ore":20,"minecraft:grass_block":14,"minecraft:oak_log":15,"minecraft:dirt":19,"minecraft:cobblestone":1,"minecraft:spruce_leaves":4,"minecraft:stone":9,"minecraft:oak_planks":2,"minecraft:oak_leaves":11,"minecraft:fern":1},"minecraft:dropped":{"minecraft:dirt":3,"minecraft:crafting_table":1},"minecraft:broken":{"minecraft:wooden_pickaxe":1},"minecraft:killed":{"minecraft:sheep":2},"minecraft:killed_by":{"minecraft:zombie":1}},"DataVersion":3955}