{"stats":{"minecraft:dropped":{"minecraft:bread":1,"minecraft:porkchop":896,"minecraft:wheat_seeds":2,"minecraft:leather":1,"minecraft:cornflower":2,"minecraft:oak_door":3,"minecraft:pig_spawn_egg":1,"minecraft:netherite_sword":1,"minecraft:wheat":1,"minecraft:stone_shovel":1,"minecraft:beetroot_seeds":1,"minecraft:yellow_bed":1,"minecraft:beef":2,"minecraft:stone_pickaxe":1},"minecraft:broken":{"minecraft:stone_pickaxe":1,"minecraft:stone_axe":2,"minecraft:stone_shovel":2},"minecraft:used":{"minecraft:trident":70,"minecraft:netherite_sword":59,"minecraft:stone_shovel":277,"minecraft:oak_sign":3,"minecraft:chest":2,"minecraft:zombie_spawn_egg":1,"minecraft:stone_hoe":19,"minecraft:iron_chestplate":1,"minecraft:oak_door":11,"minecraft:torch":23,"minecraft:anvil":2,"minecraft:dirt":220,"minecraft:mutton":3,"minecraft:carrot":2,"minecraft:grass_block":4,"minecraft:iron_axe":78,"minecraft:furnace":1,"minecraft:podzol":1,"minecraft:beetroot_seeds":2,"minecraft:egg":3,"minecraft:iron_leggings":1,"minecraft:wheat_seeds":1,"minecraft:diorite":1,"minecraft:cow_spawn_egg":1,"minecraft:stone_pickaxe":241,"minecraft:oak_planks":303,"minecraft:wooden_pickaxe":3,"minecraft:crafting_table":13,"minecraft:white_bed":3,"minecraft:spruce_log":1,"minecraft:oak_log":4,"minecraft:bread":55,"minecraft:iron_pickaxe":119,"minecraft:pig_spawn_egg":140,"minecraft:stone_axe":254,"minecraft:wooden_sword":6,"minecraft:cobblestone":57,"minecraft:yellow_bed":1},"minecraft:crafted":{"minecraft:oak_door":6,"minecraft:oak_planks":428,"minecraft:stone_shovel":2,"minecraft:oak_sign":9,"minecraft:furnace":1,"minecraft:iron_boots":1,"minecraft:iron_axe":1,"minecraft:stone_pickaxe":2,"minecraft:chest":2,"minecraft:stone_hoe":1,"minecraft:wheat":297,"minecraft:crafting_table":3,"minecraft:wooden_pickaxe":1,"minecraft:iron_helmet":1,"minecraft:stone_axe":5,"minecraft:bread":99,"minecraft:air":0,"minecraft:oak_boat":1,"minecraft:iron_chestplate":1,"minecraft:stick":88,"minecraft:iron_ingot":30,"minecraft:iron_pickaxe":1,"minecraft:iron_leggings":1,"minecraft:torch":16},"minecraft:killed":{"minecraft:spider":4,"minecraft:skeleton":14,"minecraft:chicken":2,"minecraft:pig":7,"minecraft:zombie_villager":2,"minecraft:creeper":6,"minecraft:sheep":4,"minecraft:zombie":15,"minecraft:enderman":2,"minecraft:cow":2},"minecraft:mined":{"minecraft:white_bed":3,"minecraft:deepslate_diamond_ore":13,"minecraft:oak_door":10,"minecraft:cave_vines_plant":3,"minecraft:granite":2,"minecraft:grass_block":238,"minecraft:moss_block":4,"minecraft:hay_block":49,"minecraft:redstone_ore":6,"minecraft:furnace":1,"minecraft:carrots":25,"minecraft:iron_ore":31,"minecraft:andesite":4,"minecraft:moss_carpet":2,"minecraft:bell":1,"minecraft:potatoes":7,"minecraft:cave_vines":8,"minecraft:deepslate_iron_ore":32,"minecraft:stripped_oak_log":4,"minecraft:stone":141,"minecraft:flowering_azalea":1,"minecraft:dandelion":1,"minecraft:cornflower":1,"minecraft:crafting_table":11,"minecraft:clay":2,"minecraft:short_grass":124,"minecraft:tall_grass":21,"minecraft:cobblestone":19,"minecraft:deepslate_gold_ore":2,"minecraft:lapis_ore":5,"minecraft:sugar_cane":1,"minecraft:oak_planks":27,"minecraft:diorite":2,"minecraft:wall_torch":13,"minecraft:wheat":46,"minecraft:yellow_bed":1,"minecraft:coal_ore":41,"minecraft:oak_log":152,"minecraft:beetroots":5,"minecraft:dirt":31,"minecraft:small_dripleaf":2,"minecraft:oak_leaves":14,"minecraft:deepslate":33},"minecraft:picked_up":{"minecraft:crafting_table":10,"minecraft:wheat":15,"minecraft:chicken":2,"minecraft:clay_ball":8,"minecraft:cornflower":2,"minecraft:string":2,"minecraft:beetroot":4,"minecraft:cobbled_deepslate":34,"minecraft:netherite_sword":1,"minecraft:beef":4,"minecraft:sugar_cane":2,"minecraft:furnace":1,"minecraft:egg":3,"minecraft:raw_iron":67,"minecraft:stick":4,"minecraft:oak_door":11,"minecraft:torch":13,"minecraft:porkchop":12,"minecraft:diorite":2,"minecraft:carrot":51,"minecraft:redstone":25,"minecraft:rotten_flesh":24,"minecraft:arrow":14,"minecraft:stone_shovel":1,"minecraft:beetroot_seeds":14,"minecraft:hay_block":49,"minecraft:glow_berries":3,"minecraft:mutton":9,"minecraft:cobblestone":148,"minecraft:white_wool":5,"minecraft:stripped_oak_log":4,"minecraft:feather":2,"minecraft:andesite":4,"minecraft:leather":3,"minecraft:potato":20,"minecraft:oak_log":154,"minecraft:yellow_bed":2,"minecraft:gunpowder":5,"minecraft:lapis_lazuli":37,"minecraft:dirt":277,"minecraft:bone":15,"minecraft:apple":3,"minecraft:bow":1,"minecraft:wheat_seeds":88,"minecraft:raw_gold":2,"minecraft:bell":1,"minecraft:iron_ingot":2,"minecraft:stone_pickaxe":1,"minecraft:flowering_azalea":1,"minecraft:moss_block":4,"minecraft:oak_planks":40,"minecraft:cooked_porkchop":17,"minecraft:pig_spawn_egg":1,"minecraft:dandelion":2,"minecraft:white_bed":3,"minecraft:clay":2,"minecraft:diamond":13,"minecraft:granite":2,"minecraft:bread":1,"minecraft:oak_sapling":5,"minecraft:coal":49},"minecraft:custom":{"minecraft:mob_kills":59,"minecraft:interact_with_anvil":2,"minecraft:interact_with_crafting_table":25,"minecraft:leave_game":11,"minecraft:time_since_death":127175,"minecraft:climb_one_cm":710,"minecraft:sprint_one_cm":204621,"minecraft:walk_one_cm":483523,"minecraft:drop":36,"minecraft:play_time":175285,"minecraft:deaths":10,"minecraft:sneak_time":16044,"minecraft:walk_under_water_one_cm":23044,"minecraft:jump":3914,"minecraft:walk_on_water_one_cm":26561,"minecraft:total_world_time":175285,"minecraft:interact_with_furnace":10,"minecraft:sleep_in_bed":8,"minecraft:time_since_rest":43638,"minecraft:damage_taken":2675,"minecraft:damage_dealt":16191,"minecraft:swim_one_cm":60339,"minecraft:player_kills":10,"minecraft:fly_one_cm":778346,"minecraft:open_chest":7,"minecraft:crouch_one_cm":47329,"minecraft:fall_one_cm":118700}},"DataVersion":3955}