{"stats":{"minecraft:dropped":{"minecraft:bread":1,"minecraft:clay":2,"minecraft:moss_block":17,"minecraft:porkchop":896,"minecraft:wheat_seeds":3,"minecraft:glow_berries":5,"minecraft:leather":1,"minecraft:granite":2,"minecraft:cornflower":2,"minecraft:mutton":1,"minecraft:flowering_azalea":1,"minecraft:white_wool":2,"minecraft:oak_door":5,"minecraft:pig_spawn_egg":1,"minecraft:netherite_sword":1,"minecraft:wheat":1,"minecraft:stone_shovel":1,"minecraft:gunpowder":7,"minecraft:andesite":4,"minecraft:beetroot_seeds":1,"minecraft:yellow_bed":1,"minecraft:beef":2,"minecraft:stone_pickaxe":1},"minecraft:broken":{"minecraft:stone_pickaxe":1,"minecraft:iron_axe":1,"minecraft:stone_axe":2,"minecraft:stone_shovel":2},"minecraft:used":{"minecraft:trident":70,"minecraft:netherite_sword":59,"minecraft:stone_shovel":277,"minecraft:oak_sign":3,"minecraft:chest":2,"minecraft:zombie_spawn_egg":1,"minecraft:stone_hoe":19,"minecraft:iron_chestplate":1,"minecraft:oak_door":11,"minecraft:torch":40,"minecraft:anvil":2,"minecraft:dirt":220,"minecraft:mutton":3,"minecraft:carrot":2,"minecraft:diamond_helmet":1,"minecraft:grass_block":4,"minecraft:iron_axe":144,"minecraft:diamond_chestplate":1,"minecraft:furnace":1,"minecraft:podzol":1,"minecraft:beetroot_seeds":2,"minecraft:egg":3,"minecraft:cobbled_deepslate":28,"minecraft:iron_leggings":1,"minecraft:wheat_seeds":1,"minecraft:diorite":1,"minecraft:cow_spawn_egg":1,"minecraft:stone_pickaxe":241,"minecraft:oak_planks":402,"minecraft:wooden_pickaxe":3,"minecraft:diamond_axe":1,"minecraft:crafting_table":15,"minecraft:white_bed":3,"minecraft:spruce_log":1,"minecraft:oak_log":4,"minecraft:diamond_pickaxe":14,"minecraft:bread":78,"minecraft:iron_pickaxe":171,"minecraft:pig_spawn_egg":140,"minecraft:stone_axe":302,"minecraft:wooden_sword":6,"minecraft:cobblestone":57,"minecraft:yellow_bed":1,"minecraft:diamond_leggings":1},"minecraft:crafted":{"minecraft:oak_door":6,"minecraft:oak_planks":616,"minecraft:stone_shovel":2,"minecraft:oak_sign":9,"minecraft:furnace":1,"minecraft:diamond_leggings":1,"minecraft:diamond_helmet":1,"minecraft:iron_boots":1,"minecraft:iron_axe":1,"minecraft:stone_pickaxe":2,"minecraft:chest":2,"minecraft:diamond_boots":1,"minecraft:stone_hoe":1,"minecraft:wheat":297,"minecraft:diamond_axe":1,"minecraft:crafting_table":4,"minecraft:wooden_pickaxe":1,"minecraft:iron_helmet":1,"minecraft:stone_axe":5,"minecraft:bread":99,"minecraft:air":0,"minecraft:oak_boat":1,"minecraft:iron_chestplate":1,"minecraft:diamond_pickaxe":1,"minecraft:stick":100,"minecraft:iron_ingot":30,"minecraft:iron_pickaxe":1,"minecraft:iron_leggings":1,"minecraft:torch":48,"minecraft:diamond_chestplate":1},"minecraft:killed":{"minecraft:spider":6,"minecraft:skeleton":24,"minecraft:chicken":2,"minecraft:pig":7,"minecraft:zombie_villager":5,"minecraft:creeper":12,"minecraft:sheep":4,"minecraft:zombie":28,"minecraft:enderman":2,"minecraft:cow":2},"minecraft:mined":{"minecraft:tuff":8,"minecraft:white_bed":3,"minecraft:deepslate_diamond_ore":34,"minecraft:oak_door":10,"minecraft:cave_vines_plant":3,"minecraft:granite":2,"minecraft:grass_block":238,"minecraft:moss_block":4,"minecraft:hay_block":49,"minecraft:redstone_ore":6,"minecraft:furnace":1,"minecraft:carrots":25,"minecraft:iron_ore":31,"minecraft:andesite":4,"minecraft:moss_carpet":2,"minecraft:bell":1,"minecraft:potatoes":7,"minecraft:cave_vines":9,"minecraft:deepslate_iron_ore":37,"minecraft:stripped_oak_log":4,"minecraft:azalea":2,"minecraft:stone":141,"minecraft:flowering_azalea":2,"minecraft:dandelion":1,"minecraft:cornflower":1,"minecraft:crafting_table":13,"minecraft:clay":2,"minecraft:short_grass":125,"minecraft:tall_grass":26,"minecraft:cobblestone":19,"minecraft:deepslate_gold_ore":2,"minecraft:lapis_ore":5,"minecraft:sugar_cane":1,"minecraft:oak_planks":32,"minecraft:diorite":2,"minecraft:wall_torch":13,"minecraft:wheat":46,"minecraft:yellow_bed":1,"minecraft:coal_ore":41,"minecraft:oak_log":152,"minecraft:beetroots":5,"minecraft:dirt":31,"minecraft:small_dripleaf":2,"minecraft:oak_leaves":14,"minecraft:deepslate":65},"minecraft:picked_up":{"minecraft:crafting_table":12,"minecraft:wheat":15,"minecraft:chicken":2,"minecraft:clay_ball":24,"minecraft:cornflower":2,"minecraft:string":2,"minecraft:beetroot":4,"minecraft:cobbled_deepslate":73,"minecraft:netherite_sword":1,"minecraft:beef":4,"minecraft:sugar_cane":2,"minecraft:furnace":1,"minecraft:egg":3,"minecraft:raw_iron":72,"minecraft:stick":4,"minecraft:oak_door":12,"minecraft:torch":13,"minecraft:porkchop":12,"minecraft:diorite":2,"minecraft:carrot":51,"minecraft:redstone":25,"minecraft:rotten_flesh":32,"minecraft:arrow":18,"minecraft:stone_shovel":1,"minecraft:beetroot_seeds":14,"minecraft:hay_block":49,"minecraft:glow_berries":5,"minecraft:mutton":9,"minecraft:cobblestone":148,"minecraft:white_wool":5,"minecraft:stripped_oak_log":4,"minecraft:feather":2,"minecraft:andesite":4,"minecraft:leather":3,"minecraft:potato":20,"minecraft:oak_log":154,"minecraft:yellow_bed":2,"minecraft:gunpowder":11,"minecraft:lapis_lazuli":37,"minecraft:dirt":277,"minecraft:bone":25,"minecraft:apple":3,"minecraft:bow":1,"minecraft:wheat_seeds":89,"minecraft:raw_gold":2,"minecraft:bell":1,"minecraft:iron_ingot":2,"minecraft:stone_pickaxe":1,"minecraft:flowering_azalea":1,"minecraft:moss_block":17,"minecraft:oak_planks":44,"minecraft:cooked_porkchop":17,"minecraft:pig_spawn_egg":1,"minecraft:dandelion":2,"minecraft:white_bed":3,"minecraft:clay":2,"minecraft:diamond":34,"minecraft:granite":2,"minecraft:bread":1,"minecraft:oak_sapling":5,"minecraft:coal":49},"minecraft:custom":{"minecraft:mob_kills":93,"minecraft:interact_with_anvil":2,"minecraft:interact_with_crafting_table":28,"minecraft:leave_game":11,"minecraft:time_since_death":151175,"minecraft:climb_one_cm":948,"minecraft:sprint_one_cm":254518,"minecraft:walk_one_cm":562703,"minecraft:drop":48,"minecraft:play_time":199285,"minecraft:deaths":10,"minecraft:sneak_time":19904,"minecraft:walk_under_water_one_cm":24642,"minecraft:jump":4662,"minecraft:walk_on_water_one_cm":29338,"minecraft:total_world_time":199285,"minecraft:interact_with_furnace":10,"minecraft:sleep_in_bed":8,"minecraft:time_since_rest":67638,"minecraft:damage_taken":3771,"minecraft:damage_dealt":24127,"minecraft:swim_one_cm":60339,"minecraft:player_kills":10,"minecraft:fly_one_cm":879919,"minecraft:open_chest":7,"minecraft:crouch_one_cm":58343,"minecraft:fall_one_cm":145113}},"DataVersion":3955}