{"stats":{"minecraft:broken":{"minecraft:stone_pickaxe":1,"minecraft:iron_axe":1,"minecraft:stone_axe":2,"minecraft:stone_shovel":2},"minecraft:killed":{"minecraft:spider":9,"minecraft:skeleton":34,"minecraft:chicken":2,"minecraft:drowned":1,"minecraft:pig":7,"minecraft:zombie_villager":5,"minecraft:creeper":15,"minecraft:sheep":12,"minecraft:zombie":38,"minecraft:enderman":4,"minecraft:cow":2},"minecraft:custom":{"minecraft:interact_with_anvil":3,"minecraft:mob_kills":131,"minecraft:interact_with_crafting_table":97,"minecraft:leave_game":17,"minecraft:time_since_death":356090,"minecraft:climb_one_cm":948,"minecraft:sprint_one_cm":645205,"minecraft:walk_one_cm":1190767,"minecraft:drop":76,"minecraft:talked_to_villager":53,"minecraft:play_time":404200,"minecraft:sneak_time":35526,"minecraft:deaths":10,"minecraft:walk_under_water_one_cm":48519,"minecraft:jump":8370,"minecraft:walk_on_water_one_cm":41813,"minecraft:total_world_time":404200,"minecraft:interact_with_furnace":16,"minecraft:traded_with_villager":211,"minecraft:sleep_in_bed":29,"minecraft:time_since_rest":5611,"minecraft:damage_taken":6132,"minecraft:damage_dealt":31312,"minecraft:player_kills":10,"minecraft:swim_one_cm":122179,"minecraft:fly_one_cm":1474569,"minecraft:open_chest":134,"minecraft:crouch_one_cm":119652,"minecraft:fall_one_cm":256231},"minecraft:picked_up":{"minecraft:crafting_table":13,"minecraft:wheat":18,"minecraft:chicken":2,"minecraft:clay_ball":76,"minecraft:cornflower":2,"minecraft:string":4,"minecraft:beetroot":4,"minecraft:cobbled_deepslate":88,"minecraft:netherite_sword":1,"minecraft:spruce_planks":211,"minecraft:beef":4,"minecraft:sugar_cane":2,"minecraft:spruce_trapdoor":3,"minecraft:furnace":1,"minecraft:egg":3,"minecraft:stick":61,"minecraft:raw_iron":100,"minecraft:oak_door":19,"minecraft:composter":9,"minecraft:torch":27,"minecraft:porkchop":12,"minecraft:diorite":40,"minecraft:carrot":51,"minecraft:redstone":25,"minecraft:cauldron":4,"minecraft:stone_shovel":1,"minecraft:arrow":29,"minecraft:rotten_flesh":42,"minecraft:beetroot_seeds":14,"minecraft:hay_block":65,"minecraft:glow_berries":5,"minecraft:mutton":22,"minecraft:white_wool":13,"minecraft:cobblestone":223,"minecraft:stripped_oak_log":6,"minecraft:feather":2,"minecraft:andesite":4,"minecraft:leather":3,"minecraft:potato":156,"minecraft:flint":22,"minecraft:tuff":20,"minecraft:oak_log":161,"minecraft:yellow_bed":8,"minecraft:gunpowder":15,"minecraft:lapis_lazuli":37,"minecraft:dirt":991,"minecraft:blue_bed":4,"minecraft:bone":37,"minecraft:apple":3,"minecraft:bow":1,"minecraft:stonecutter":1,"minecraft:wheat_seeds":102,"minecraft:raw_gold":2,"minecraft:bell":2,"minecraft:iron_ingot":7,"minecraft:stone_pickaxe":2,"minecraft:fletching_table":11,"minecraft:moss_block":17,"minecraft:oak_planks":96,"minecraft:flowering_azalea":1,"minecraft:cooked_porkchop":17,"minecraft:pig_spawn_egg":1,"minecraft:dandelion":2,"minecraft:poisonous_potato":1,"minecraft:gravel":222,"minecraft:stripped_spruce_log":2,"minecraft:spruce_sapling":90,"minecraft:grass_block":2,"minecraft:white_bed":7,"minecraft:spruce_log":974,"minecraft:spider_eye":1,"minecraft:diamond_shovel":2,"minecraft:purple_bed":2,"minecraft:clay":2,"minecraft:diamond":34,"minecraft:granite":2,"minecraft:diamond_axe":2,"minecraft:bread":1,"minecraft:oak_sapling":5,"minecraft:coal":65,"minecraft:ender_pearl":1},"minecraft:mined":{"minecraft:tuff":28,"minecraft:spruce_planks":11,"minecraft:white_bed":4,"minecraft:deepslate_diamond_ore":34,"minecraft:oak_door":16,"minecraft:spruce_trapdoor":4,"minecraft:cave_vines_plant":3,"minecraft:granite":2,"minecraft:grass_block":347,"minecraft:spruce_leaves":56,"minecraft:composter":9,"minecraft:moss_block":4,"minecraft:large_fern":8,"minecraft:hay_block":49,"minecraft:redstone_ore":6,"minecraft:spruce_sapling":22,"minecraft:furnace":1,"minecraft:carrots":25,"minecraft:iron_ore":59,"minecraft:andesite":4,"minecraft:stripped_spruce_log":2,"minecraft:moss_carpet":2,"minecraft:fletching_table":11,"minecraft:bell":1,"minecraft:potatoes":43,"minecraft:water_cauldron":2,"minecraft:cave_vines":9,"minecraft:deepslate_iron_ore":37,"minecraft:stripped_oak_log":7,"minecraft:azalea":2,"minecraft:stone":331,"minecraft:flowering_azalea":2,"minecraft:dandelion":1,"minecraft:clay":15,"minecraft:cornflower":1,"minecraft:crafting_table":14,"minecraft:torch":9,"minecraft:short_grass":130,"minecraft:copper_ore":4,"minecraft:tall_grass":27,"minecraft:cobblestone":19,"minecraft:deepslate_gold_ore":2,"minecraft:lapis_ore":5,"minecraft:oak_planks":85,"minecraft:sugar_cane":1,"minecraft:blue_bed":4,"minecraft:diorite":40,"minecraft:wall_torch":17,"minecraft:purple_bed":2,"minecraft:coarse_dirt":1,"minecraft:wheat":53,"minecraft:spruce_log":971,"minecraft:pumpkin_stem":2,"minecraft:yellow_bed":5,"minecraft:oak_log":159,"minecraft:coal_ore":57,"minecraft:beetroots":5,"minecraft:gravel":246,"minecraft:dirt":606,"minecraft:stonecutter":1,"minecraft:small_dripleaf":2,"minecraft:deepslate":80,"minecraft:oak_leaves":14,"minecraft:fern":5},"minecraft:crafted":{"minecraft:oak_door":9,"minecraft:oak_planks":616,"minecraft:stone_shovel":2,"minecraft:oak_sign":9,"minecraft:furnace":2,"minecraft:bone_meal":36,"minecraft:diamond_shovel":1,"minecraft:diamond_helmet":1,"minecraft:diamond_leggings":1,"minecraft:iron_boots":1,"minecraft:iron_axe":1,"minecraft:iron_hoe":1,"minecraft:stone_pickaxe":2,"minecraft:chest":7,"minecraft:diamond_boots":1,"minecraft:stone_hoe":1,"minecraft:wheat":441,"minecraft:emerald":211,"minecraft:diamond_axe":1,"minecraft:crafting_table":4,"minecraft:spruce_planks":3860,"minecraft:iron_helmet":1,"minecraft:wooden_pickaxe":1,"minecraft:fletching_table":11,"minecraft:bucket":2,"minecraft:stone_axe":5,"minecraft:bread":151,"minecraft:air":0,"minecraft:oak_boat":1,"minecraft:iron_chestplate":1,"minecraft:diamond_pickaxe":1,"minecraft:stick":7403,"minecraft:iron_ingot":70,"minecraft:iron_pickaxe":1,"minecraft:iron_leggings":1,"minecraft:white_bed":2,"minecraft:torch":84,"minecraft:diamond_chestplate":1},"minecraft:dropped":{"minecraft:bread":7,"minecraft:clay":2,"minecraft:moss_block":17,"minecraft:porkchop":896,"minecraft:wheat_seeds":3,"minecraft:diamond_axe":2,"minecraft:cobblestone":3,"minecraft:glow_berries":5,"minecraft:leather":1,"minecraft:granite":2,"minecraft:stick":4,"minecraft:dirt":5,"minecraft:diorite":38,"minecraft:cornflower":2,"minecraft:mutton":1,"minecraft:flowering_azalea":1,"minecraft:white_wool":2,"minecraft:cauldron":2,"minecraft:oak_door":5,"minecraft:pig_spawn_egg":1,"minecraft:netherite_sword":1,"minecraft:wheat":4,"minecraft:stone_shovel":1,"minecraft:clay_ball":3,"minecraft:oak_planks":4,"minecraft:diamond_shovel":2,"minecraft:potato":2,"minecraft:hay_block":16,"minecraft:gunpowder":7,"minecraft:spruce_planks":112,"minecraft:andesite":4,"minecraft:beetroot_seeds":1,"minecraft:yellow_bed":1,"minecraft:beef":2,"minecraft:stone_pickaxe":1},"minecraft:used":{"minecraft:netherite_sword":59,"minecraft:trident":70,"minecraft:stone_shovel":277,"minecraft:oak_sign":3,"minecraft:chest":7,"minecraft:spruce_planks":72,"minecraft:zombie_spawn_egg":1,"minecraft:stone_hoe":19,"minecraft:iron_chestplate":1,"minecraft:oak_door":20,"minecraft:torch":94,"minecraft:mutton":3,"minecraft:dirt":764,"minecraft:anvil":3,"minecraft:carrot":2,"minecraft:diamond_helmet":1,"minecraft:tuff":20,"minecraft:iron_hoe":188,"minecraft:iron_axe":144,"minecraft:grass_block":6,"minecraft:diamond_chestplate":1,"minecraft:furnace":3,"minecraft:podzol":1,"minecraft:beetroot_seeds":2,"minecraft:egg":3,"minecraft:potato":134,"minecraft:cobbled_deepslate":28,"minecraft:iron_leggings":1,"minecraft:wheat_seeds":1,"minecraft:water_bucket":34,"minecraft:diorite":1,"minecraft:cow_spawn_egg":1,"minecraft:oak_planks":572,"minecraft:stone_pickaxe":241,"minecraft:wooden_pickaxe":3,"minecraft:blue_bed":4,"minecraft:diamond_axe":1127,"minecraft:composter":9,"minecraft:fletching_table":14,"minecraft:crafting_table":17,"minecraft:white_bed":9,"minecraft:spruce_log":4,"minecraft:oak_log":9,"minecraft:diamond_pickaxe":336,"minecraft:diamond_shovel":908,"minecraft:bread":136,"minecraft:iron_pickaxe":171,"minecraft:pig_spawn_egg":140,"minecraft:gravel":222,"minecraft:spruce_sapling":86,"minecraft:stone_axe":302,"minecraft:diamond_sword":84,"minecraft:wooden_sword":6,"minecraft:cobblestone":61,"minecraft:purple_bed":2,"minecraft:poisonous_potato":1,"minecraft:bucket":36,"minecraft:yellow_bed":7,"minecraft:diamond_leggings":1,"minecraft:bone_meal":36}},"DataVersion":3955}