{"stats":{"minecraft:picked_up":{"minecraft:crafting_table":5,"minecraft:wheat":1,"minecraft:leather":3,"minecraft:potato":1,"minecraft:oak_log":122,"minecraft:cornflower":2,"minecraft:dirt":231,"minecraft:beetroot":1,"minecraft:wheat_seeds":18,"minecraft:netherite_sword":1,"minecraft:bell":1,"minecraft:beef":4,"minecraft:sugar_cane":2,"minecraft:oak_planks":1,"minecraft:cooked_porkchop":17,"minecraft:pig_spawn_egg":1,"minecraft:dandelion":1,"minecraft:porkchop":10,"minecraft:white_bed":3,"minecraft:carrot":2,"minecraft:rotten_flesh":2,"minecraft:stone_shovel":1,"minecraft:beetroot_seeds":3,"minecraft:hay_block":49,"minecraft:mutton":5,"minecraft:cobblestone":18,"minecraft:white_wool":3},"minecraft:used":{"minecraft:wheat_seeds":1,"minecraft:trident":70,"minecraft:netherite_sword":59,"minecraft:cow_spawn_egg":1,"minecraft:stone_pickaxe":19,"minecraft:stone_shovel":241,"minecraft:oak_planks":22,"minecraft:wooden_pickaxe":3,"minecraft:zombie_spawn_egg":1,"minecraft:stone_hoe":17,"minecraft:dirt":167,"minecraft:anvil":2,"minecraft:crafting_table":5,"minecraft:carrot":2,"minecraft:white_bed":2,"minecraft:spruce_log":1,"minecraft:oak_log":4,"minecraft:grass_block":4,"minecraft:bread":7,"minecraft:pig_spawn_egg":140,"minecraft:stone_axe":123,"minecraft:wooden_sword":6,"minecraft:cobblestone":2,"minecraft:podzol":1,"minecraft:beetroot_seeds":2},"minecraft:custom":{"minecraft:interact_with_anvil":2,"minecraft:mob_kills":12,"minecraft:interact_with_crafting_table":8,"minecraft:leave_game":5,"minecraft:time_since_death":27157,"minecraft:sleep_in_bed":2,"minecraft:time_since_rest":7551,"minecraft:sprint_one_cm":56107,"minecraft:damage_taken":510,"minecraft:walk_one_cm":178151,"minecraft:drop":30,"minecraft:damage_dealt":7364,"minecraft:swim_one_cm":3709,"minecraft:fly_one_cm":397537,"minecraft:player_kills":10,"minecraft:crouch_one_cm":22841,"minecraft:play_time":75267,"minecraft:deaths":10,"minecraft:sneak_time":5596,"minecraft:walk_under_water_one_cm":10005,"minecraft:jump":1330,"minecraft:walk_on_water_one_cm":18894,"minecraft:total_world_time":75267,"minecraft:fall_one_cm":27144},"minecraft:mined":{"minecraft:white_bed":3,"minecraft:crafting_table":5,"minecraft:cornflower":1,"minecraft:short_grass":110,"minecraft:grass_block":223,"minecraft:tall_grass":14,"minecraft:cobblestone":17,"minecraft:oak_planks":1,"minecraft:sugar_cane":1,"minecraft:hay_block":49,"minecraft:carrots":1,"minecraft:wheat":1,"minecraft:bell":1,"minecraft:potatoes":1,"minecraft:oak_log":120,"minecraft:beetroots":1,"minecraft:dirt":8,"minecraft:stone":3},"minecraft:crafted":{"minecraft:oak_planks":156,"minecraft:stone_shovel":2,"minecraft:crafting_table":1,"minecraft:wooden_pickaxe":1,"minecraft:stone_axe":1,"minecraft:bread":99,"minecraft:stick":12,"minecraft:stone_pickaxe":1,"minecraft:stone_hoe":1,"minecraft:wheat":297},"minecraft:dropped":{"minecraft:porkchop":896,"minecraft:wheat_seeds":2,"minecraft:pig_spawn_egg":1,"minecraft:netherite_sword":1,"minecraft:wheat":1,"minecraft:stone_shovel":1,"minecraft:leather":1,"minecraft:cornflower":2,"minecraft:beetroot_seeds":1,"minecraft:beef":2},"minecraft:broken":{"minecraft:stone_shovel":1},"minecraft:killed":{"minecraft:pig":6,"minecraft:sheep":3,"minecraft:zombie":1,"minecraft:cow":2}},"DataVersion":3955}