{"stats":{"minecraft:picked_up":{"minecraft:crafting_table":5,"minecraft:wheat":1,"minecraft:leather":3,"minecraft:potato":1,"minecraft:oak_log":122,"minecraft:cornflower":2,"minecraft:dirt":267,"minecraft:beetroot":1,"minecraft:wheat_seeds":18,"minecraft:netherite_sword":1,"minecraft:bell":1,"minecraft:beef":4,"minecraft:sugar_cane":2,"minecraft:oak_planks":15,"minecraft:egg":1,"minecraft:cooked_porkchop":17,"minecraft:pig_spawn_egg":1,"minecraft:torch":12,"minecraft:dandelion":1,"minecraft:porkchop":10,"minecraft:diorite":2,"minecraft:white_bed":3,"minecraft:carrot":2,"minecraft:rotten_flesh":2,"minecraft:stone_shovel":1,"minecraft:beetroot_seeds":3,"minecraft:hay_block":49,"minecraft:mutton":5,"minecraft:coal":14,"minecraft:cobblestone":63,"minecraft:white_wool":3},"minecraft:used":{"minecraft:wheat_seeds":1,"minecraft:trident":70,"minecraft:netherite_sword":59,"minecraft:diorite":1,"minecraft:cow_spawn_egg":1,"minecraft:stone_pickaxe":80,"minecraft:stone_shovel":277,"minecraft:oak_planks":270,"minecraft:wooden_pickaxe":3,"minecraft:zombie_spawn_egg":1,"minecraft:stone_hoe":17,"minecraft:torch":21,"minecraft:dirt":208,"minecraft:anvil":2,"minecraft:crafting_table":6,"minecraft:carrot":2,"minecraft:white_bed":3,"minecraft:spruce_log":1,"minecraft:oak_log":4,"minecraft:grass_block":4,"minecraft:bread":13,"minecraft:pig_spawn_egg":140,"minecraft:stone_axe":135,"minecraft:wooden_sword":6,"minecraft:cobblestone":2,"minecraft:podzol":1,"minecraft:beetroot_seeds":2,"minecraft:egg":1},"minecraft:custom":{"minecraft:interact_with_anvil":2,"minecraft:mob_kills":12,"minecraft:interact_with_crafting_table":9,"minecraft:leave_game":5,"minecraft:time_since_death":39157,"minecraft:sleep_in_bed":3,"minecraft:time_since_rest":8732,"minecraft:sprint_one_cm":71967,"minecraft:damage_taken":730,"minecraft:walk_one_cm":241489,"minecraft:drop":30,"minecraft:damage_dealt":7364,"minecraft:swim_one_cm":3709,"minecraft:fly_one_cm":448375,"minecraft:player_kills":10,"minecraft:crouch_one_cm":30866,"minecraft:play_time":87267,"minecraft:deaths":10,"minecraft:sneak_time":6972,"minecraft:walk_under_water_one_cm":10005,"minecraft:jump":1653,"minecraft:walk_on_water_one_cm":19944,"minecraft:total_world_time":87267,"minecraft:fall_one_cm":42398},"minecraft:mined":{"minecraft:white_bed":3,"minecraft:crafting_table":5,"minecraft:cornflower":1,"minecraft:short_grass":111,"minecraft:grass_block":236,"minecraft:tall_grass":14,"minecraft:cobblestone":17,"minecraft:oak_planks":15,"minecraft:sugar_cane":1,"minecraft:diorite":2,"minecraft:wall_torch":12,"minecraft:hay_block":49,"minecraft:carrots":1,"minecraft:wheat":1,"minecraft:bell":1,"minecraft:coal_ore":14,"minecraft:potatoes":1,"minecraft:oak_log":120,"minecraft:beetroots":1,"minecraft:dirt":31,"minecraft:stone":48},"minecraft:crafted":{"minecraft:oak_planks":412,"minecraft:stone_shovel":2,"minecraft:crafting_table":1,"minecraft:wooden_pickaxe":1,"minecraft:stone_axe":1,"minecraft:bread":99,"minecraft:stick":16,"minecraft:stone_pickaxe":1,"minecraft:torch":16,"minecraft:stone_hoe":1,"minecraft:wheat":297},"minecraft:dropped":{"minecraft:porkchop":896,"minecraft:wheat_seeds":2,"minecraft:pig_spawn_egg":1,"minecraft:netherite_sword":1,"minecraft:wheat":1,"minecraft:stone_shovel":1,"minecraft:leather":1,"minecraft:cornflower":2,"minecraft:beetroot_seeds":1,"minecraft:beef":2},"minecraft:broken":{"minecraft:stone_shovel":2},"minecraft:killed":{"minecraft:pig":6,"minecraft:sheep":3,"minecraft:zombie":1,"minecraft:cow":2}},"DataVersion":3955}