{"stats":{"minecraft:picked_up":{"minecraft:crafting_table":5,"minecraft:wheat":10,"minecraft:leather":3,"minecraft:potato":16,"minecraft:oak_log":122,"minecraft:cornflower":2,"minecraft:dirt":267,"minecraft:beetroot":3,"minecraft:wheat_seeds":65,"minecraft:netherite_sword":1,"minecraft:bell":1,"minecraft:beef":4,"minecraft:sugar_cane":2,"minecraft:oak_planks":17,"minecraft:egg":1,"minecraft:cooked_porkchop":17,"minecraft:pig_spawn_egg":1,"minecraft:torch":12,"minecraft:dandelion":1,"minecraft:porkchop":10,"minecraft:diorite":2,"minecraft:white_bed":3,"minecraft:carrot":25,"minecraft:rotten_flesh":4,"minecraft:stone_shovel":1,"minecraft:beetroot_seeds":10,"minecraft:hay_block":49,"minecraft:bread":1,"minecraft:mutton":5,"minecraft:coal":14,"minecraft:white_wool":3,"minecraft:cobblestone":63},"minecraft:used":{"minecraft:wheat_seeds":1,"minecraft:trident":70,"minecraft:netherite_sword":59,"minecraft:diorite":1,"minecraft:cow_spawn_egg":1,"minecraft:stone_pickaxe":80,"minecraft:stone_shovel":277,"minecraft:oak_planks":272,"minecraft:oak_sign":3,"minecraft:chest":2,"minecraft:wooden_pickaxe":3,"minecraft:zombie_spawn_egg":1,"minecraft:stone_hoe":17,"minecraft:torch":21,"minecraft:dirt":209,"minecraft:anvil":2,"minecraft:crafting_table":6,"minecraft:carrot":2,"minecraft:white_bed":3,"minecraft:spruce_log":1,"minecraft:oak_log":4,"minecraft:grass_block":4,"minecraft:bread":15,"minecraft:pig_spawn_egg":140,"minecraft:stone_axe":140,"minecraft:wooden_sword":6,"minecraft:cobblestone":2,"minecraft:podzol":1,"minecraft:beetroot_seeds":2,"minecraft:egg":1},"minecraft:custom":{"minecraft:mob_kills":13,"minecraft:interact_with_anvil":2,"minecraft:interact_with_crafting_table":13,"minecraft:leave_game":8,"minecraft:time_since_death":54792,"minecraft:sleep_in_bed":5,"minecraft:time_since_rest":553,"minecraft:sprint_one_cm":90631,"minecraft:damage_taken":835,"minecraft:walk_one_cm":273490,"minecraft:drop":31,"minecraft:damage_dealt":7565,"minecraft:swim_one_cm":3709,"minecraft:fly_one_cm":501511,"minecraft:player_kills":10,"minecraft:open_chest":3,"minecraft:crouch_one_cm":30866,"minecraft:play_time":102902,"minecraft:deaths":10,"minecraft:sneak_time":6972,"minecraft:walk_under_water_one_cm":10005,"minecraft:jump":1865,"minecraft:walk_on_water_one_cm":19944,"minecraft:total_world_time":102902,"minecraft:fall_one_cm":51017},"minecraft:mined":{"minecraft:white_bed":3,"minecraft:crafting_table":5,"minecraft:cornflower":1,"minecraft:short_grass":111,"minecraft:grass_block":236,"minecraft:tall_grass":14,"minecraft:cobblestone":17,"minecraft:sugar_cane":1,"minecraft:oak_planks":17,"minecraft:diorite":2,"minecraft:wall_torch":12,"minecraft:hay_block":49,"minecraft:carrots":17,"minecraft:wheat":30,"minecraft:bell":1,"minecraft:oak_log":120,"minecraft:potatoes":6,"minecraft:coal_ore":14,"minecraft:beetroots":3,"minecraft:dirt":31,"minecraft:stone":48},"minecraft:crafted":{"minecraft:oak_planks":412,"minecraft:stone_shovel":2,"minecraft:oak_sign":9,"minecraft:crafting_table":1,"minecraft:wooden_pickaxe":1,"minecraft:stone_axe":1,"minecraft:bread":99,"minecraft:stick":20,"minecraft:stone_pickaxe":1,"minecraft:chest":2,"minecraft:torch":16,"minecraft:stone_hoe":1,"minecraft:wheat":297},"minecraft:dropped":{"minecraft:bread":1,"minecraft:porkchop":896,"minecraft:wheat_seeds":2,"minecraft:pig_spawn_egg":1,"minecraft:netherite_sword":1,"minecraft:wheat":1,"minecraft:stone_shovel":1,"minecraft:leather":1,"minecraft:cornflower":2,"minecraft:beetroot_seeds":1,"minecraft:beef":2},"minecraft:broken":{"minecraft:stone_axe":1,"minecraft:stone_shovel":2},"minecraft:killed":{"minecraft:pig":6,"minecraft:sheep":3,"minecraft:zombie":2,"minecraft:cow":2}},"DataVersion":3955}