{"stats":{"minecraft:picked_up":{"minecraft:wheat":22,"minecraft:chainmail_boots":2,"minecraft:lead":2,"minecraft:diamond_sword":2,"minecraft:string":26,"minecraft:beetroot":4,"minecraft:diamond_leggings":2,"minecraft:cobbled_deepslate":88,"minecraft:smooth_stone":1,"minecraft:spruce_planks":416,"minecraft:furnace":1,"minecraft:stick":356,"minecraft:composter":12,"minecraft:torch":34,"minecraft:porkchop":12,"minecraft:diorite":41,"minecraft:cauldron":4,"minecraft:rotten_flesh":81,"minecraft:obsidian":9,"minecraft:cobblestone":248,"minecraft:feather":2,"minecraft:andesite":8,"minecraft:potato":2657,"minecraft:flint":22,"minecraft:tuff":20,"minecraft:lapis_lazuli":37,"minecraft:dirt":1114,"minecraft:bone":89,"minecraft:stonecutter":1,"minecraft:bow":1,"minecraft:wheat_seeds":121,"minecraft:raw_gold":2,"minecraft:bell":2,"minecraft:grindstone":1,"minecraft:rabbit":1,"minecraft:fletching_table":25,"minecraft:moss_block":17,"minecraft:oak_planks":96,"minecraft:cooked_porkchop":17,"minecraft:pig_spawn_egg":1,"minecraft:poisonous_potato":13,"minecraft:sand":75,"minecraft:stripped_spruce_log":2,"minecraft:ink_sac":3,"minecraft:grass_block":3,"minecraft:clay":2,"minecraft:diamond":34,"minecraft:granite":2,"minecraft:bread":2,"minecraft:emerald":113,"minecraft:oak_sapling":6,"minecraft:diamond_pickaxe":1,"minecraft:crafting_table":13,"minecraft:chicken":2,"minecraft:clay_ball":76,"minecraft:shield":9,"minecraft:cornflower":2,"minecraft:netherite_sword":1,"minecraft:beef":31,"minecraft:oak_boat":2,"minecraft:light_gray_wool":2,"minecraft:poppy":56,"minecraft:lectern":13,"minecraft:sugar_cane":468,"minecraft:spruce_trapdoor":9,"minecraft:egg":3,"minecraft:raw_iron":107,"minecraft:oak_door":19,"minecraft:spruce_fence":1,"minecraft:carrot":51,"minecraft:redstone":25,"minecraft:arrow":89,"minecraft:stone_shovel":1,"minecraft:beetroot_seeds":14,"minecraft:diamond_boots":1,"minecraft:hay_block":65,"minecraft:glow_berries":5,"minecraft:mutton":41,"minecraft:white_wool":20,"minecraft:stripped_oak_log":6,"minecraft:salmon":17,"minecraft:leather":25,"minecraft:oak_log":166,"minecraft:yellow_bed":8,"minecraft:gunpowder":24,"minecraft:blue_bed":4,"minecraft:apple":3,"minecraft:iron_ingot":182,"minecraft:rabbit_hide":1,"minecraft:stone_pickaxe":2,"minecraft:flowering_azalea":1,"minecraft:dandelion":2,"minecraft:gravel":233,"minecraft:blast_furnace":1,"minecraft:spruce_sapling":378,"minecraft:white_bed":10,"minecraft:spruce_log":5095,"minecraft:spider_eye":12,"minecraft:pumpkin_seeds":2,"minecraft:diamond_shovel":2,"minecraft:purple_bed":2,"minecraft:iron_helmet":18,"minecraft:diamond_axe":4,"minecraft:gray_wool":1,"minecraft:black_wool":2,"minecraft:coal":122,"minecraft:ender_pearl":4},"minecraft:used":{"minecraft:oak_sign":3,"minecraft:chest":11,"minecraft:shield":9,"minecraft:zombie_spawn_egg":1,"minecraft:iron_chestplate":1,"minecraft:mutton":3,"minecraft:carrot":2,"minecraft:tuff":20,"minecraft:lava_bucket":1,"minecraft:grass_block":6,"minecraft:bow":198,"minecraft:furnace":3,"minecraft:beetroot_seeds":2,"minecraft:egg":3,"minecraft:potato":747,"minecraft:diorite":1,"minecraft:cow_spawn_egg":1,"minecraft:stone_pickaxe":241,"minecraft:oak_planks":572,"minecraft:ender_pearl":1,"minecraft:wooden_pickaxe":3,"minecraft:sugar_cane":71,"minecraft:composter":10,"minecraft:blue_bed":4,"minecraft:diamond_axe":5435,"minecraft:sand":69,"minecraft:blast_furnace":1,"minecraft:bread":317,"minecraft:lectern":13,"minecraft:gravel":222,"minecraft:diamond_sword":852,"minecraft:wooden_sword":6,"minecraft:grindstone":1,"minecraft:poisonous_potato":3,"minecraft:bone_meal":183,"minecraft:trident":70,"minecraft:netherite_sword":59,"minecraft:stone_shovel":277,"minecraft:spruce_planks":81,"minecraft:stone_hoe":19,"minecraft:oak_door":20,"minecraft:torch":115,"minecraft:dirt":813,"minecraft:anvil":5,"minecraft:diamond_helmet":1,"minecraft:salmon_bucket":1,"minecraft:iron_hoe":188,"minecraft:iron_axe":144,"minecraft:diamond_chestplate":3,"minecraft:podzol":1,"minecraft:cobbled_deepslate":28,"minecraft:iron_leggings":1,"minecraft:wheat_seeds":1,"minecraft:water_bucket":90,"minecraft:fletching_table":25,"minecraft:crafting_table":18,"minecraft:white_bed":15,"minecraft:spruce_log":47,"minecraft:oak_log":9,"minecraft:diamond_pickaxe":447,"minecraft:diamond_shovel":1116,"minecraft:iron_pickaxe":171,"minecraft:pig_spawn_egg":140,"minecraft:spruce_sapling":354,"minecraft:stone_axe":302,"minecraft:cobblestone":62,"minecraft:purple_bed":2,"minecraft:bucket":94,"minecraft:yellow_bed":7,"minecraft:diamond_leggings":1},"minecraft:custom":{"minecraft:interact_with_crafting_table":212,"minecraft:leave_game":29,"minecraft:time_since_death":109705,"minecraft:sprint_one_cm":1602301,"minecraft:damage_blocked_by_shield":270,"minecraft:drop":266,"minecraft:talked_to_villager":353,"minecraft:play_time":780546,"minecraft:deaths":11,"minecraft:jump":17373,"minecraft:walk_on_water_one_cm":91981,"minecraft:interact_with_furnace":42,"minecraft:traded_with_villager":1285,"minecraft:sleep_in_bed":56,"minecraft:damage_dealt":94247,"minecraft:player_kills":11,"minecraft:crouch_one_cm":162499,"minecraft:mob_kills":364,"minecraft:interact_with_anvil":30,"minecraft:climb_one_cm":948,"minecraft:walk_one_cm":2199841,"minecraft:sneak_time":63043,"minecraft:walk_under_water_one_cm":71382,"minecraft:boat_one_cm":5883,"minecraft:interact_with_blast_furnace":1,"minecraft:total_world_time":780546,"minecraft:interact_with_grindstone":2,"minecraft:time_since_rest":31379,"minecraft:damage_taken":13815,"minecraft:swim_one_cm":185299,"minecraft:fly_one_cm":2761528,"minecraft:open_chest":582,"minecraft:fall_one_cm":492618},"minecraft:mined":{"minecraft:spruce_planks":13,"minecraft:white_bed":7,"minecraft:farmland":1,"minecraft:obsidian":8,"minecraft:spruce_trapdoor":10,"minecraft:cave_vines_plant":3,"minecraft:granite":7,"minecraft:grass_block":362,"minecraft:composter":11,"minecraft:iron_ore":66,"minecraft:fire":8,"minecraft:moss_carpet":2,"minecraft:fletching_table":25,"minecraft:cave_vines":9,"minecraft:water_cauldron":2,"minecraft:azalea":2,"minecraft:clay":15,"minecraft:torch":14,"minecraft:blast_furnace":1,"minecraft:cobblestone":20,"minecraft:grindstone":1,"minecraft:sugar_cane":279,"minecraft:oak_planks":86,"minecraft:wall_torch":17,"minecraft:wheat":57,"minecraft:lilac":3,"minecraft:pumpkin_stem":2,"minecraft:oak_log":159,"minecraft:beetroots":5,"minecraft:sand":75,"minecraft:dirt":679,"minecraft:stonecutter":1,"minecraft:oak_leaves":20,"minecraft:deepslate":80,"minecraft:tuff":28,"minecraft:deepslate_diamond_ore":34,"minecraft:oak_door":16,"minecraft:spruce_fence":1,"minecraft:spruce_leaves":129,"minecraft:moss_block":4,"minecraft:large_fern":15,"minecraft:hay_block":49,"minecraft:redstone_ore":6,"minecraft:spruce_sapling":66,"minecraft:furnace":1,"minecraft:carrots":25,"minecraft:andesite":8,"minecraft:stripped_spruce_log":2,"minecraft:bell":1,"minecraft:potatoes":649,"minecraft:deepslate_iron_ore":37,"minecraft:stripped_oak_log":7,"minecraft:stone":356,"minecraft:podzol":12,"minecraft:flowering_azalea":2,"minecraft:dandelion":1,"minecraft:crafting_table":14,"minecraft:cornflower":1,"minecraft:short_grass":156,"minecraft:lectern":13,"minecraft:tall_grass":35,"minecraft:copper_ore":4,"minecraft:lapis_ore":5,"minecraft:deepslate_gold_ore":2,"minecraft:diorite":41,"minecraft:blue_bed":4,"minecraft:purple_bed":2,"minecraft:coarse_dirt":1,"minecraft:sweet_berry_bush":2,"minecraft:spruce_log":5070,"minecraft:birch_leaves":1,"minecraft:yellow_bed":5,"minecraft:coal_ore":114,"minecraft:gravel":257,"minecraft:small_dripleaf":2,"minecraft:fern":7},"minecraft:crafted":{"minecraft:grindstone":1,"minecraft:oak_planks":644,"minecraft:smooth_stone":4,"minecraft:oak_sign":9,"minecraft:stone":7,"minecraft:diamond_shovel":1,"minecraft:bookshelf":4,"minecraft:iron_boots":1,"minecraft:diamond_helmet":5,"minecraft:bow":2,"minecraft:diamond_leggings":4,"minecraft:chest":11,"minecraft:stone_hoe":1,"minecraft:emerald":1099,"minecraft:arrow":384,"minecraft:diamond_axe":10,"minecraft:crafting_table":5,"minecraft:spruce_planks":18047,"minecraft:wooden_pickaxe":1,"minecraft:iron_helmet":11,"minecraft:fletching_table":11,"minecraft:lectern":4,"minecraft:iron_chestplate":1,"minecraft:book":20,"minecraft:paper":150,"minecraft:diamond_pickaxe":1,"minecraft:shield":21,"minecraft:stick":35628,"minecraft:stone_slab":6,"minecraft:iron_ingot":100,"minecraft:iron_pickaxe":1,"minecraft:iron_block":6,"minecraft:oak_door":9,"minecraft:stone_shovel":2,"minecraft:leather_boots":1,"minecraft:furnace":3,"minecraft:blast_furnace":1,"minecraft:bone_meal":183,"minecraft:iron_axe":13,"minecraft:spruce_slab":48,"minecraft:iron_hoe":1,"minecraft:stone_pickaxe":2,"minecraft:diamond_boots":4,"minecraft:wheat":441,"minecraft:bucket":2,"minecraft:stone_axe":5,"minecraft:enchanted_book":6,"minecraft:bread":572,"minecraft:air":0,"minecraft:oak_boat":1,"minecraft:white_wool":1,"minecraft:chainmail_boots":12,"minecraft:iron_leggings":1,"minecraft:anvil":2,"minecraft:white_bed":5,"minecraft:torch":92,"minecraft:diamond_chestplate":11},"minecraft:dropped":{"minecraft:clay":2,"minecraft:moss_block":17,"minecraft:porkchop":896,"minecraft:diamond_axe":6,"minecraft:glow_berries":5,"minecraft:leather":2,"minecraft:emerald":3,"minecraft:dirt":5,"minecraft:cornflower":2,"minecraft:mutton":1,"minecraft:white_wool":2,"minecraft:cauldron":2,"minecraft:oak_door":5,"minecraft:gravel":11,"minecraft:sugar_cane":67,"minecraft:pig_spawn_egg":1,"minecraft:netherite_sword":1,"minecraft:wheat":4,"minecraft:obsidian":1,"minecraft:oak_planks":4,"minecraft:diamond_shovel":2,"minecraft:poppy":7,"minecraft:rabbit_hide":1,"minecraft:gunpowder":14,"minecraft:beetroot_seeds":1,"minecraft:chainmail_boots":14,"minecraft:arrow":64,"minecraft:beef":2,"minecraft:bread":8,"minecraft:wheat_seeds":11,"minecraft:diamond_leggings":5,"minecraft:poisonous_potato":3,"minecraft:iron_helmet":28,"minecraft:cobblestone":16,"minecraft:granite":2,"minecraft:grass_block":1,"minecraft:stick":37,"minecraft:diorite":39,"minecraft:torch":2,"minecraft:diamond_helmet":1,"minecraft:flowering_azalea":1,"minecraft:iron_axe":12,"minecraft:smooth_stone":2,"minecraft:string":9,"minecraft:composter":1,"minecraft:stone_shovel":1,"minecraft:clay_ball":3,"minecraft:diamond_sword":2,"minecraft:hay_block":16,"minecraft:potato":2020,"minecraft:shield":29,"minecraft:diamond_chestplate":2,"minecraft:spruce_planks":114,"minecraft:diamond_pickaxe":1,"minecraft:andesite":8,"minecraft:yellow_bed":1,"minecraft:oak_sapling":1,"minecraft:spider_eye":11,"minecraft:diamond_boots":4,"minecraft:stone_pickaxe":1},"minecraft:broken":{"minecraft:stone_pickaxe":1,"minecraft:stone_axe":2,"minecraft:stone_shovel":2,"minecraft:iron_axe":1},"minecraft:killed":{"minecraft:witch":1,"minecraft:spider":26,"minecraft:skeleton":81,"minecraft:fox":2,"minecraft:chicken":2,"minecraft:pig":7,"minecraft:zombie_villager":6,"minecraft:salmon":21,"minecraft:iron_golem":45,"minecraft:creeper":27,"minecraft:sheep":28,"minecraft:trader_llama":2,"minecraft:zombie":79,"minecraft:cow":19,"minecraft:drowned":2,"minecraft:bat":1,"minecraft:wandering_trader":1,"minecraft:enderman":9}},"DataVersion":3955}