{"stats":{"minecraft:custom":{"minecraft:interact_with_anvil":2,"minecraft:mob_kills":99,"minecraft:interact_with_crafting_table":65,"minecraft:leave_game":15,"minecraft:time_since_death":205136,"minecraft:climb_one_cm":948,"minecraft:sprint_one_cm":335279,"minecraft:walk_one_cm":660278,"minecraft:drop":63,"minecraft:play_time":253246,"minecraft:sneak_time":20879,"minecraft:deaths":10,"minecraft:walk_under_water_one_cm":41680,"minecraft:jump":5926,"minecraft:walk_on_water_one_cm":35733,"minecraft:total_world_time":253246,"minecraft:interact_with_furnace":15,"minecraft:sleep_in_bed":16,"minecraft:time_since_rest":8690,"minecraft:damage_taken":4860,"minecraft:damage_dealt":25948,"minecraft:swim_one_cm":106083,"minecraft:player_kills":10,"minecraft:fly_one_cm":1076744,"minecraft:open_chest":23,"minecraft:crouch_one_cm":60122,"minecraft:fall_one_cm":189488},"minecraft:broken":{"minecraft:stone_pickaxe":1,"minecraft:iron_axe":1,"minecraft:stone_axe":2,"minecraft:stone_shovel":2},"minecraft:used":{"minecraft:trident":70,"minecraft:netherite_sword":59,"minecraft:stone_shovel":277,"minecraft:oak_sign":3,"minecraft:chest":2,"minecraft:zombie_spawn_egg":1,"minecraft:stone_hoe":19,"minecraft:iron_chestplate":1,"minecraft:oak_door":18,"minecraft:torch":49,"minecraft:mutton":3,"minecraft:dirt":249,"minecraft:anvil":2,"minecraft:carrot":2,"minecraft:diamond_helmet":1,"minecraft:tuff":20,"minecraft:iron_axe":144,"minecraft:grass_block":6,"minecraft:diamond_chestplate":1,"minecraft:furnace":2,"minecraft:podzol":1,"minecraft:beetroot_seeds":2,"minecraft:egg":3,"minecraft:cobbled_deepslate":28,"minecraft:iron_leggings":1,"minecraft:wheat_seeds":1,"minecraft:diorite":1,"minecraft:cow_spawn_egg":1,"minecraft:stone_pickaxe":241,"minecraft:oak_planks":408,"minecraft:wooden_pickaxe":3,"minecraft:diamond_axe":48,"minecraft:crafting_table":16,"minecraft:white_bed":3,"minecraft:spruce_log":1,"minecraft:oak_log":9,"minecraft:diamond_pickaxe":318,"minecraft:bread":100,"minecraft:iron_pickaxe":171,"minecraft:pig_spawn_egg":140,"minecraft:stone_axe":302,"minecraft:wooden_sword":6,"minecraft:cobblestone":61,"minecraft:yellow_bed":3,"minecraft:diamond_leggings":1},"minecraft:killed":{"minecraft:spider":8,"minecraft:skeleton":25,"minecraft:chicken":2,"minecraft:pig":7,"minecraft:zombie_villager":5,"minecraft:creeper":13,"minecraft:sheep":4,"minecraft:zombie":28,"minecraft:cow":2,"minecraft:enderman":4},"minecraft:mined":{"minecraft:tuff":28,"minecraft:white_bed":3,"minecraft:deepslate_diamond_ore":34,"minecraft:oak_door":15,"minecraft:cave_vines_plant":3,"minecraft:granite":2,"minecraft:grass_block":239,"minecraft:moss_block":4,"minecraft:hay_block":49,"minecraft:redstone_ore":6,"minecraft:furnace":1,"minecraft:carrots":25,"minecraft:iron_ore":56,"minecraft:andesite":4,"minecraft:moss_carpet":2,"minecraft:bell":1,"minecraft:potatoes":7,"minecraft:cave_vines":9,"minecraft:deepslate_iron_ore":37,"minecraft:stripped_oak_log":7,"minecraft:azalea":2,"minecraft:stone":319,"minecraft:flowering_azalea":2,"minecraft:dandelion":1,"minecraft:clay":15,"minecraft:crafting_table":14,"minecraft:cornflower":1,"minecraft:torch":1,"minecraft:short_grass":129,"minecraft:tall_grass":27,"minecraft:copper_ore":4,"minecraft:cobblestone":19,"minecraft:lapis_ore":5,"minecraft:deepslate_gold_ore":2,"minecraft:sugar_cane":1,"minecraft:oak_planks":36,"minecraft:diorite":40,"minecraft:wall_torch":17,"minecraft:coarse_dirt":1,"minecraft:wheat":46,"minecraft:yellow_bed":3,"minecraft:oak_log":159,"minecraft:coal_ore":57,"minecraft:beetroots":5,"minecraft:dirt":50,"minecraft:small_dripleaf":2,"minecraft:oak_leaves":14,"minecraft:deepslate":80},"minecraft:dropped":{"minecraft:bread":7,"minecraft:clay":2,"minecraft:moss_block":17,"minecraft:porkchop":896,"minecraft:wheat_seeds":3,"minecraft:diamond_axe":1,"minecraft:cobblestone":3,"minecraft:glow_berries":5,"minecraft:leather":1,"minecraft:granite":2,"minecraft:dirt":4,"minecraft:diorite":38,"minecraft:cornflower":2,"minecraft:mutton":1,"minecraft:flowering_azalea":1,"minecraft:white_wool":2,"minecraft:oak_door":5,"minecraft:pig_spawn_egg":1,"minecraft:netherite_sword":1,"minecraft:wheat":1,"minecraft:stone_shovel":1,"minecraft:clay_ball":3,"minecraft:hay_block":16,"minecraft:gunpowder":7,"minecraft:andesite":4,"minecraft:beetroot_seeds":1,"minecraft:yellow_bed":1,"minecraft:beef":2,"minecraft:stone_pickaxe":1},"minecraft:picked_up":{"minecraft:crafting_table":13,"minecraft:wheat":15,"minecraft:chicken":2,"minecraft:clay_ball":76,"minecraft:cornflower":2,"minecraft:string":4,"minecraft:beetroot":4,"minecraft:cobbled_deepslate":88,"minecraft:netherite_sword":1,"minecraft:beef":4,"minecraft:sugar_cane":2,"minecraft:furnace":1,"minecraft:egg":3,"minecraft:stick":4,"minecraft:raw_iron":97,"minecraft:oak_door":17,"minecraft:torch":18,"minecraft:porkchop":12,"minecraft:diorite":40,"minecraft:carrot":51,"minecraft:redstone":25,"minecraft:arrow":18,"minecraft:rotten_flesh":32,"minecraft:stone_shovel":1,"minecraft:beetroot_seeds":14,"minecraft:hay_block":65,"minecraft:glow_berries":5,"minecraft:mutton":9,"minecraft:white_wool":5,"minecraft:cobblestone":211,"minecraft:stripped_oak_log":6,"minecraft:feather":2,"minecraft:andesite":4,"minecraft:leather":3,"minecraft:potato":20,"minecraft:tuff":20,"minecraft:oak_log":161,"minecraft:yellow_bed":6,"minecraft:gunpowder":13,"minecraft:lapis_lazuli":37,"minecraft:dirt":319,"minecraft:bone":25,"minecraft:apple":3,"minecraft:bow":1,"minecraft:wheat_seeds":89,"minecraft:raw_gold":2,"minecraft:bell":1,"minecraft:stone_pickaxe":2,"minecraft:iron_ingot":2,"minecraft:moss_block":17,"minecraft:flowering_azalea":1,"minecraft:oak_planks":47,"minecraft:cooked_porkchop":17,"minecraft:pig_spawn_egg":1,"minecraft:dandelion":2,"minecraft:grass_block":2,"minecraft:white_bed":6,"minecraft:spider_eye":1,"minecraft:clay":2,"minecraft:diamond":34,"minecraft:granite":2,"minecraft:diamond_axe":1,"minecraft:bread":1,"minecraft:oak_sapling":5,"minecraft:coal":65,"minecraft:ender_pearl":1},"minecraft:crafted":{"minecraft:oak_door":9,"minecraft:oak_planks":616,"minecraft:stone_shovel":2,"minecraft:oak_sign":9,"minecraft:furnace":1,"minecraft:diamond_helmet":1,"minecraft:diamond_leggings":1,"minecraft:iron_boots":1,"minecraft:iron_axe":1,"minecraft:stone_pickaxe":2,"minecraft:chest":2,"minecraft:diamond_boots":1,"minecraft:stone_hoe":1,"minecraft:wheat":441,"minecraft:diamond_axe":1,"minecraft:crafting_table":4,"minecraft:iron_helmet":1,"minecraft:wooden_pickaxe":1,"minecraft:stone_axe":5,"minecraft:bread":151,"minecraft:air":0,"minecraft:oak_boat":1,"minecraft:iron_chestplate":1,"minecraft:diamond_pickaxe":1,"minecraft:stick":100,"minecraft:iron_ingot":70,"minecraft:iron_pickaxe":1,"minecraft:iron_leggings":1,"minecraft:torch":48,"minecraft:diamond_chestplate":1}},"DataVersion":3955}