{"stats":{"minecraft:dropped":{"minecraft:oak_door":3,"minecraft:bread":1,"minecraft:porkchop":896,"minecraft:wheat_seeds":2,"minecraft:pig_spawn_egg":1,"minecraft:netherite_sword":1,"minecraft:wheat":1,"minecraft:stone_shovel":1,"minecraft:leather":1,"minecraft:cornflower":2,"minecraft:yellow_bed":1,"minecraft:beetroot_seeds":1,"minecraft:stone_pickaxe":1,"minecraft:beef":2},"minecraft:broken":{"minecraft:stone_pickaxe":1,"minecraft:stone_axe":2,"minecraft:stone_shovel":2},"minecraft:crafted":{"minecraft:oak_door":6,"minecraft:oak_planks":428,"minecraft:stone_shovel":2,"minecraft:oak_sign":9,"minecraft:crafting_table":3,"minecraft:wooden_pickaxe":1,"minecraft:stone_axe":5,"minecraft:bread":99,"minecraft:stick":80,"minecraft:stone_pickaxe":2,"minecraft:chest":2,"minecraft:torch":16,"minecraft:stone_hoe":1,"minecraft:wheat":297},"minecraft:used":{"minecraft:wheat_seeds":1,"minecraft:trident":70,"minecraft:netherite_sword":59,"minecraft:diorite":1,"minecraft:cow_spawn_egg":1,"minecraft:stone_pickaxe":170,"minecraft:stone_shovel":277,"minecraft:oak_planks":276,"minecraft:oak_sign":3,"minecraft:chest":2,"minecraft:wooden_pickaxe":3,"minecraft:zombie_spawn_egg":1,"minecraft:stone_hoe":19,"minecraft:oak_door":5,"minecraft:torch":23,"minecraft:mutton":1,"minecraft:dirt":220,"minecraft:anvil":2,"minecraft:crafting_table":9,"minecraft:carrot":2,"minecraft:white_bed":3,"minecraft:spruce_log":1,"minecraft:oak_log":4,"minecraft:grass_block":4,"minecraft:bread":40,"minecraft:pig_spawn_egg":140,"minecraft:stone_axe":235,"minecraft:wooden_sword":6,"minecraft:cobblestone":10,"minecraft:podzol":1,"minecraft:beetroot_seeds":2,"minecraft:yellow_bed":1,"minecraft:egg":3},"minecraft:killed":{"minecraft:pig":7,"minecraft:zombie_villager":1,"minecraft:spider":4,"minecraft:creeper":3,"minecraft:sheep":4,"minecraft:skeleton":6,"minecraft:zombie":4,"minecraft:chicken":2,"minecraft:cow":2},"minecraft:mined":{"minecraft:white_bed":3,"minecraft:oak_door":4,"minecraft:dandelion":1,"minecraft:crafting_table":7,"minecraft:cornflower":1,"minecraft:short_grass":120,"minecraft:grass_block":238,"minecraft:tall_grass":16,"minecraft:cobblestone":19,"minecraft:oak_planks":17,"minecraft:sugar_cane":1,"minecraft:diorite":2,"minecraft:wall_torch":13,"minecraft:hay_block":49,"minecraft:carrots":25,"minecraft:iron_ore":7,"minecraft:wheat":46,"minecraft:andesite":4,"minecraft:yellow_bed":1,"minecraft:bell":1,"minecraft:potatoes":7,"minecraft:oak_log":152,"minecraft:coal_ore":40,"minecraft:beetroots":5,"minecraft:dirt":31,"minecraft:stripped_oak_log":4,"minecraft:stone":87,"minecraft:oak_leaves":14},"minecraft:picked_up":{"minecraft:crafting_table":7,"minecraft:wheat":15,"minecraft:feather":2,"minecraft:chicken":2,"minecraft:andesite":4,"minecraft:leather":3,"minecraft:potato":20,"minecraft:oak_log":154,"minecraft:yellow_bed":2,"minecraft:gunpowder":3,"minecraft:dirt":277,"minecraft:cornflower":2,"minecraft:string":2,"minecraft:bone":8,"minecraft:beetroot":4,"minecraft:apple":3,"minecraft:bow":1,"minecraft:wheat_seeds":88,"minecraft:netherite_sword":1,"minecraft:bell":1,"minecraft:beef":4,"minecraft:stone_pickaxe":1,"minecraft:sugar_cane":2,"minecraft:oak_planks":32,"minecraft:egg":3,"minecraft:stick":4,"minecraft:raw_iron":6,"minecraft:cooked_porkchop":17,"minecraft:oak_door":6,"minecraft:pig_spawn_egg":1,"minecraft:torch":13,"minecraft:dandelion":2,"minecraft:porkchop":12,"minecraft:diorite":2,"minecraft:white_bed":3,"minecraft:carrot":51,"minecraft:arrow":7,"minecraft:stone_shovel":1,"minecraft:rotten_flesh":5,"minecraft:beetroot_seeds":14,"minecraft:hay_block":49,"minecraft:bread":1,"minecraft:oak_sapling":5,"minecraft:mutton":9,"minecraft:coal":40,"minecraft:white_wool":5,"minecraft:cobblestone":105,"minecraft:stripped_oak_log":4},"minecraft:custom":{"minecraft:interact_with_anvil":2,"minecraft:mob_kills":34,"minecraft:interact_with_crafting_table":18,"minecraft:leave_game":11,"minecraft:time_since_death":97175,"minecraft:sleep_in_bed":8,"minecraft:time_since_rest":13638,"minecraft:sprint_one_cm":182414,"minecraft:damage_taken":1935,"minecraft:walk_one_cm":385813,"minecraft:drop":36,"minecraft:damage_dealt":11047,"minecraft:swim_one_cm":38556,"minecraft:fly_one_cm":746876,"minecraft:player_kills":10,"minecraft:open_chest":7,"minecraft:crouch_one_cm":38865,"minecraft:play_time":145285,"minecraft:sneak_time":11556,"minecraft:deaths":10,"minecraft:walk_under_water_one_cm":15190,"minecraft:jump":3158,"minecraft:walk_on_water_one_cm":22902,"minecraft:total_world_time":145285,"minecraft:fall_one_cm":95662}},"DataVersion":3955}