{"stats":{"minecraft:custom":{"minecraft:interact_with_anvil":3,"minecraft:mob_kills":120,"minecraft:interact_with_crafting_table":82,"minecraft:leave_game":16,"minecraft:time_since_death":295595,"minecraft:climb_one_cm":948,"minecraft:sprint_one_cm":546632,"minecraft:walk_one_cm":987369,"minecraft:drop":70,"minecraft:talked_to_villager":10,"minecraft:play_time":343705,"minecraft:sneak_time":28744,"minecraft:deaths":10,"minecraft:walk_under_water_one_cm":48519,"minecraft:jump":7512,"minecraft:walk_on_water_one_cm":41143,"minecraft:total_world_time":343705,"minecraft:interact_with_furnace":15,"minecraft:sleep_in_bed":24,"minecraft:time_since_rest":2963,"minecraft:damage_taken":5481,"minecraft:damage_dealt":29261,"minecraft:player_kills":10,"minecraft:swim_one_cm":122179,"minecraft:fly_one_cm":1388534,"minecraft:open_chest":102,"minecraft:crouch_one_cm":97127,"minecraft:fall_one_cm":237674},"minecraft:crafted":{"minecraft:oak_door":9,"minecraft:oak_planks":616,"minecraft:stone_shovel":2,"minecraft:oak_sign":9,"minecraft:furnace":1,"minecraft:diamond_shovel":1,"minecraft:diamond_helmet":1,"minecraft:diamond_leggings":1,"minecraft:iron_boots":1,"minecraft:iron_axe":1,"minecraft:iron_hoe":1,"minecraft:stone_pickaxe":2,"minecraft:chest":5,"minecraft:diamond_boots":1,"minecraft:stone_hoe":1,"minecraft:wheat":441,"minecraft:spruce_planks":192,"minecraft:diamond_axe":1,"minecraft:crafting_table":4,"minecraft:iron_helmet":1,"minecraft:wooden_pickaxe":1,"minecraft:fletching_table":11,"minecraft:bucket":2,"minecraft:stone_axe":5,"minecraft:bread":151,"minecraft:air":0,"minecraft:oak_boat":1,"minecraft:iron_chestplate":1,"minecraft:diamond_pickaxe":1,"minecraft:stick":100,"minecraft:iron_ingot":70,"minecraft:iron_pickaxe":1,"minecraft:iron_leggings":1,"minecraft:white_bed":2,"minecraft:torch":84,"minecraft:diamond_chestplate":1},"minecraft:killed":{"minecraft:spider":9,"minecraft:skeleton":30,"minecraft:chicken":2,"minecraft:drowned":1,"minecraft:pig":7,"minecraft:zombie_villager":5,"minecraft:creeper":13,"minecraft:sheep":12,"minecraft:zombie":33,"minecraft:cow":2,"minecraft:enderman":4},"minecraft:mined":{"minecraft:spruce_planks":11,"minecraft:tuff":28,"minecraft:white_bed":4,"minecraft:deepslate_diamond_ore":34,"minecraft:oak_door":16,"minecraft:spruce_trapdoor":4,"minecraft:cave_vines_plant":3,"minecraft:granite":2,"minecraft:grass_block":336,"minecraft:spruce_leaves":35,"minecraft:composter":4,"minecraft:moss_block":4,"minecraft:large_fern":7,"minecraft:hay_block":49,"minecraft:redstone_ore":6,"minecraft:spruce_sapling":5,"minecraft:furnace":1,"minecraft:carrots":25,"minecraft:iron_ore":59,"minecraft:andesite":4,"minecraft:stripped_spruce_log":1,"minecraft:moss_carpet":2,"minecraft:bell":1,"minecraft:water_cauldron":2,"minecraft:potatoes":8,"minecraft:cave_vines":9,"minecraft:deepslate_iron_ore":37,"minecraft:stripped_oak_log":7,"minecraft:azalea":2,"minecraft:stone":319,"minecraft:flowering_azalea":2,"minecraft:dandelion":1,"minecraft:clay":15,"minecraft:crafting_table":14,"minecraft:cornflower":1,"minecraft:torch":9,"minecraft:short_grass":130,"minecraft:tall_grass":27,"minecraft:copper_ore":4,"minecraft:cobblestone":19,"minecraft:lapis_ore":5,"minecraft:deepslate_gold_ore":2,"minecraft:sugar_cane":1,"minecraft:oak_planks":85,"minecraft:blue_bed":4,"minecraft:diorite":40,"minecraft:wall_torch":17,"minecraft:purple_bed":2,"minecraft:coarse_dirt":1,"minecraft:wheat":53,"minecraft:spruce_log":115,"minecraft:pumpkin_stem":2,"minecraft:yellow_bed":5,"minecraft:oak_log":159,"minecraft:coal_ore":57,"minecraft:beetroots":5,"minecraft:gravel":246,"minecraft:dirt":297,"minecraft:stonecutter":1,"minecraft:small_dripleaf":2,"minecraft:fern":2,"minecraft:oak_leaves":14,"minecraft:deepslate":80},"minecraft:broken":{"minecraft:stone_pickaxe":1,"minecraft:iron_axe":1,"minecraft:stone_axe":2,"minecraft:stone_shovel":2},"minecraft:dropped":{"minecraft:bread":7,"minecraft:clay":2,"minecraft:moss_block":17,"minecraft:porkchop":896,"minecraft:wheat_seeds":3,"minecraft:diamond_axe":1,"minecraft:cobblestone":3,"minecraft:glow_berries":5,"minecraft:leather":1,"minecraft:granite":2,"minecraft:stick":2,"minecraft:dirt":4,"minecraft:diorite":38,"minecraft:cornflower":2,"minecraft:mutton":1,"minecraft:flowering_azalea":1,"minecraft:white_wool":2,"minecraft:cauldron":2,"minecraft:oak_door":5,"minecraft:pig_spawn_egg":1,"minecraft:netherite_sword":1,"minecraft:wheat":4,"minecraft:stone_shovel":1,"minecraft:clay_ball":3,"minecraft:oak_planks":4,"minecraft:diamond_shovel":1,"minecraft:potato":2,"minecraft:hay_block":16,"minecraft:gunpowder":7,"minecraft:andesite":4,"minecraft:beetroot_seeds":1,"minecraft:yellow_bed":1,"minecraft:beef":2,"minecraft:stone_pickaxe":1},"minecraft:used":{"minecraft:trident":70,"minecraft:netherite_sword":59,"minecraft:stone_shovel":277,"minecraft:oak_sign":3,"minecraft:spruce_planks":72,"minecraft:chest":5,"minecraft:zombie_spawn_egg":1,"minecraft:stone_hoe":19,"minecraft:iron_chestplate":1,"minecraft:oak_door":20,"minecraft:torch":94,"minecraft:mutton":3,"minecraft:dirt":525,"minecraft:anvil":3,"minecraft:carrot":2,"minecraft:diamond_helmet":1,"minecraft:tuff":20,"minecraft:iron_hoe":188,"minecraft:iron_axe":144,"minecraft:grass_block":6,"minecraft:diamond_chestplate":1,"minecraft:furnace":2,"minecraft:podzol":1,"minecraft:beetroot_seeds":2,"minecraft:egg":3,"minecraft:potato":1,"minecraft:cobbled_deepslate":28,"minecraft:iron_leggings":1,"minecraft:wheat_seeds":1,"minecraft:water_bucket":34,"minecraft:diorite":1,"minecraft:cow_spawn_egg":1,"minecraft:fletching_table":5,"minecraft:stone_pickaxe":241,"minecraft:composter":4,"minecraft:oak_planks":572,"minecraft:blue_bed":4,"minecraft:wooden_pickaxe":3,"minecraft:diamond_axe":249,"minecraft:crafting_table":17,"minecraft:white_bed":9,"minecraft:spruce_log":2,"minecraft:oak_log":9,"minecraft:diamond_pickaxe":324,"minecraft:diamond_shovel":587,"minecraft:bread":120,"minecraft:iron_pickaxe":171,"minecraft:pig_spawn_egg":140,"minecraft:spruce_sapling":17,"minecraft:gravel":222,"minecraft:stone_axe":302,"minecraft:diamond_sword":48,"minecraft:wooden_sword":6,"minecraft:cobblestone":61,"minecraft:purple_bed":2,"minecraft:bucket":36,"minecraft:yellow_bed":7,"minecraft:diamond_leggings":1},"minecraft:picked_up":{"minecraft:crafting_table":13,"minecraft:wheat":18,"minecraft:chicken":2,"minecraft:clay_ball":76,"minecraft:cornflower":2,"minecraft:string":4,"minecraft:beetroot":4,"minecraft:cobbled_deepslate":88,"minecraft:netherite_sword":1,"minecraft:spruce_planks":11,"minecraft:beef":4,"minecraft:sugar_cane":2,"minecraft:spruce_trapdoor":3,"minecraft:furnace":1,"minecraft:egg":3,"minecraft:stick":24,"minecraft:raw_iron":100,"minecraft:oak_door":19,"minecraft:composter":4,"minecraft:torch":27,"minecraft:porkchop":12,"minecraft:diorite":40,"minecraft:carrot":51,"minecraft:redstone":25,"minecraft:cauldron":4,"minecraft:arrow":25,"minecraft:rotten_flesh":37,"minecraft:stone_shovel":1,"minecraft:beetroot_seeds":14,"minecraft:hay_block":65,"minecraft:glow_berries":5,"minecraft:mutton":22,"minecraft:white_wool":13,"minecraft:cobblestone":211,"minecraft:stripped_oak_log":6,"minecraft:feather":2,"minecraft:andesite":4,"minecraft:leather":3,"minecraft:potato":23,"minecraft:flint":22,"minecraft:tuff":20,"minecraft:oak_log":161,"minecraft:blue_bed":4,"minecraft:yellow_bed":8,"minecraft:gunpowder":13,"minecraft:lapis_lazuli":37,"minecraft:dirt":655,"minecraft:bone":33,"minecraft:apple":3,"minecraft:stonecutter":1,"minecraft:bow":1,"minecraft:wheat_seeds":102,"minecraft:raw_gold":2,"minecraft:bell":2,"minecraft:stone_pickaxe":2,"minecraft:iron_ingot":7,"minecraft:moss_block":17,"minecraft:flowering_azalea":1,"minecraft:oak_planks":96,"minecraft:cooked_porkchop":17,"minecraft:pig_spawn_egg":1,"minecraft:dandelion":2,"minecraft:gravel":222,"minecraft:stripped_spruce_log":1,"minecraft:spruce_log":121,"minecraft:spruce_sapling":31,"minecraft:grass_block":2,"minecraft:white_bed":7,"minecraft:spider_eye":1,"minecraft:diamond_shovel":1,"minecraft:purple_bed":2,"minecraft:clay":2,"minecraft:diamond":34,"minecraft:granite":2,"minecraft:diamond_axe":1,"minecraft:bread":1,"minecraft:oak_sapling":5,"minecraft:coal":65,"minecraft:ender_pearl":1}},"DataVersion":3955}