{"stats":{"minecraft:picked_up":{"minecraft:wheat":22,"minecraft:chainmail_boots":2,"minecraft:diamond_sword":1,"minecraft:lead":2,"minecraft:string":26,"minecraft:beetroot":4,"minecraft:diamond_leggings":2,"minecraft:cobbled_deepslate":88,"minecraft:smooth_stone":1,"minecraft:spruce_planks":381,"minecraft:furnace":1,"minecraft:stick":140,"minecraft:composter":10,"minecraft:torch":29,"minecraft:porkchop":12,"minecraft:diorite":41,"minecraft:cauldron":4,"minecraft:rotten_flesh":79,"minecraft:obsidian":9,"minecraft:cobblestone":248,"minecraft:feather":2,"minecraft:andesite":8,"minecraft:potato":2129,"minecraft:flint":22,"minecraft:tuff":20,"minecraft:lapis_lazuli":37,"minecraft:dirt":1114,"minecraft:bone":89,"minecraft:stonecutter":1,"minecraft:bow":1,"minecraft:wheat_seeds":121,"minecraft:raw_gold":2,"minecraft:bell":2,"minecraft:fletching_table":18,"minecraft:moss_block":17,"minecraft:oak_planks":96,"minecraft:cooked_porkchop":17,"minecraft:pig_spawn_egg":1,"minecraft:poisonous_potato":9,"minecraft:sand":75,"minecraft:stripped_spruce_log":2,"minecraft:ink_sac":3,"minecraft:grass_block":3,"minecraft:clay":2,"minecraft:diamond":34,"minecraft:granite":2,"minecraft:bread":2,"minecraft:emerald":113,"minecraft:oak_sapling":6,"minecraft:diamond_pickaxe":1,"minecraft:crafting_table":13,"minecraft:chicken":2,"minecraft:clay_ball":76,"minecraft:shield":9,"minecraft:cornflower":2,"minecraft:netherite_sword":1,"minecraft:beef":21,"minecraft:oak_boat":2,"minecraft:light_gray_wool":2,"minecraft:poppy":45,"minecraft:lectern":4,"minecraft:sugar_cane":324,"minecraft:spruce_trapdoor":9,"minecraft:egg":3,"minecraft:raw_iron":107,"minecraft:oak_door":19,"minecraft:spruce_fence":1,"minecraft:carrot":51,"minecraft:redstone":25,"minecraft:arrow":89,"minecraft:stone_shovel":1,"minecraft:beetroot_seeds":14,"minecraft:diamond_boots":1,"minecraft:hay_block":65,"minecraft:glow_berries":5,"minecraft:mutton":36,"minecraft:white_wool":18,"minecraft:stripped_oak_log":6,"minecraft:salmon":7,"minecraft:leather":15,"minecraft:oak_log":166,"minecraft:yellow_bed":8,"minecraft:gunpowder":22,"minecraft:blue_bed":4,"minecraft:apple":3,"minecraft:iron_ingot":152,"minecraft:stone_pickaxe":2,"minecraft:flowering_azalea":1,"minecraft:dandelion":2,"minecraft:gravel":233,"minecraft:spruce_sapling":249,"minecraft:white_bed":10,"minecraft:spruce_log":3250,"minecraft:spider_eye":12,"minecraft:pumpkin_seeds":2,"minecraft:diamond_shovel":2,"minecraft:purple_bed":2,"minecraft:iron_helmet":18,"minecraft:diamond_axe":4,"minecraft:black_wool":1,"minecraft:coal":122,"minecraft:ender_pearl":3},"minecraft:used":{"minecraft:oak_sign":3,"minecraft:chest":11,"minecraft:shield":9,"minecraft:zombie_spawn_egg":1,"minecraft:iron_chestplate":1,"minecraft:mutton":3,"minecraft:carrot":2,"minecraft:tuff":20,"minecraft:lava_bucket":1,"minecraft:grass_block":6,"minecraft:bow":198,"minecraft:furnace":3,"minecraft:beetroot_seeds":2,"minecraft:egg":3,"minecraft:potato":643,"minecraft:diorite":1,"minecraft:cow_spawn_egg":1,"minecraft:stone_pickaxe":241,"minecraft:oak_planks":572,"minecraft:ender_pearl":1,"minecraft:wooden_pickaxe":3,"minecraft:sugar_cane":65,"minecraft:composter":10,"minecraft:blue_bed":4,"minecraft:diamond_axe":3492,"minecraft:sand":69,"minecraft:blast_furnace":1,"minecraft:bread":283,"minecraft:lectern":5,"minecraft:gravel":222,"minecraft:diamond_sword":772,"minecraft:wooden_sword":6,"minecraft:grindstone":1,"minecraft:poisonous_potato":3,"minecraft:bone_meal":183,"minecraft:trident":70,"minecraft:netherite_sword":59,"minecraft:stone_shovel":277,"minecraft:spruce_planks":79,"minecraft:stone_hoe":19,"minecraft:oak_door":20,"minecraft:torch":94,"minecraft:dirt":813,"minecraft:anvil":5,"minecraft:diamond_helmet":1,"minecraft:salmon_bucket":1,"minecraft:iron_hoe":188,"minecraft:iron_axe":144,"minecraft:diamond_chestplate":2,"minecraft:podzol":1,"minecraft:cobbled_deepslate":28,"minecraft:iron_leggings":1,"minecraft:wheat_seeds":1,"minecraft:water_bucket":86,"minecraft:fletching_table":25,"minecraft:crafting_table":17,"minecraft:white_bed":14,"minecraft:spruce_log":23,"minecraft:oak_log":9,"minecraft:diamond_pickaxe":445,"minecraft:diamond_shovel":1116,"minecraft:iron_pickaxe":171,"minecraft:pig_spawn_egg":140,"minecraft:spruce_sapling":229,"minecraft:stone_axe":302,"minecraft:cobblestone":62,"minecraft:purple_bed":2,"minecraft:bucket":90,"minecraft:yellow_bed":7,"minecraft:diamond_leggings":1},"minecraft:custom":{"minecraft:interact_with_crafting_table":179,"minecraft:leave_game":28,"minecraft:time_since_death":13270,"minecraft:sprint_one_cm":1358234,"minecraft:damage_blocked_by_shield":270,"minecraft:drop":250,"minecraft:talked_to_villager":267,"minecraft:play_time":684111,"minecraft:deaths":11,"minecraft:jump":15191,"minecraft:walk_on_water_one_cm":77877,"minecraft:interact_with_furnace":37,"minecraft:traded_with_villager":972,"minecraft:sleep_in_bed":50,"minecraft:damage_dealt":83475,"minecraft:player_kills":11,"minecraft:crouch_one_cm":149972,"minecraft:mob_kills":320,"minecraft:interact_with_anvil":16,"minecraft:climb_one_cm":948,"minecraft:walk_one_cm":1970363,"minecraft:sneak_time":54154,"minecraft:walk_under_water_one_cm":65396,"minecraft:boat_one_cm":5883,"minecraft:interact_with_blast_furnace":1,"minecraft:total_world_time":684111,"minecraft:interact_with_grindstone":2,"minecraft:time_since_rest":4206,"minecraft:damage_taken":12548,"minecraft:swim_one_cm":146722,"minecraft:fly_one_cm":2442012,"minecraft:open_chest":413,"minecraft:fall_one_cm":440704},"minecraft:mined":{"minecraft:spruce_planks":13,"minecraft:white_bed":7,"minecraft:farmland":1,"minecraft:obsidian":8,"minecraft:spruce_trapdoor":10,"minecraft:cave_vines_plant":3,"minecraft:granite":7,"minecraft:grass_block":362,"minecraft:composter":10,"minecraft:iron_ore":66,"minecraft:fire":8,"minecraft:moss_carpet":2,"minecraft:fletching_table":18,"minecraft:cave_vines":9,"minecraft:water_cauldron":2,"minecraft:azalea":2,"minecraft:clay":15,"minecraft:torch":11,"minecraft:cobblestone":20,"minecraft:sugar_cane":191,"minecraft:oak_planks":85,"minecraft:wall_torch":17,"minecraft:wheat":57,"minecraft:lilac":3,"minecraft:pumpkin_stem":2,"minecraft:oak_log":159,"minecraft:beetroots":5,"minecraft:sand":75,"minecraft:dirt":679,"minecraft:stonecutter":1,"minecraft:oak_leaves":20,"minecraft:deepslate":80,"minecraft:tuff":28,"minecraft:deepslate_diamond_ore":34,"minecraft:oak_door":16,"minecraft:spruce_fence":1,"minecraft:spruce_leaves":87,"minecraft:moss_block":4,"minecraft:large_fern":15,"minecraft:hay_block":49,"minecraft:redstone_ore":6,"minecraft:spruce_sapling":45,"minecraft:furnace":1,"minecraft:carrots":25,"minecraft:andesite":8,"minecraft:stripped_spruce_log":2,"minecraft:bell":1,"minecraft:potatoes":463,"minecraft:deepslate_iron_ore":37,"minecraft:stripped_oak_log":7,"minecraft:stone":356,"minecraft:podzol":12,"minecraft:flowering_azalea":2,"minecraft:dandelion":1,"minecraft:crafting_table":14,"minecraft:cornflower":1,"minecraft:short_grass":153,"minecraft:lectern":4,"minecraft:tall_grass":35,"minecraft:copper_ore":4,"minecraft:lapis_ore":5,"minecraft:deepslate_gold_ore":2,"minecraft:diorite":41,"minecraft:blue_bed":4,"minecraft:purple_bed":2,"minecraft:coarse_dirt":1,"minecraft:sweet_berry_bush":2,"minecraft:spruce_log":3236,"minecraft:birch_leaves":1,"minecraft:yellow_bed":5,"minecraft:coal_ore":114,"minecraft:gravel":257,"minecraft:small_dripleaf":2,"minecraft:fern":7},"minecraft:crafted":{"minecraft:grindstone":1,"minecraft:oak_planks":644,"minecraft:smooth_stone":4,"minecraft:oak_sign":9,"minecraft:stone":7,"minecraft:diamond_shovel":1,"minecraft:bookshelf":4,"minecraft:iron_boots":1,"minecraft:diamond_helmet":5,"minecraft:bow":1,"minecraft:diamond_leggings":4,"minecraft:chest":11,"minecraft:stone_hoe":1,"minecraft:emerald":816,"minecraft:arrow":384,"minecraft:diamond_axe":3,"minecraft:crafting_table":4,"minecraft:spruce_planks":12758,"minecraft:wooden_pickaxe":1,"minecraft:iron_helmet":11,"minecraft:fletching_table":11,"minecraft:lectern":4,"minecraft:book":12,"minecraft:iron_chestplate":1,"minecraft:paper":150,"minecraft:diamond_pickaxe":1,"minecraft:shield":21,"minecraft:stick":24968,"minecraft:stone_slab":6,"minecraft:iron_pickaxe":1,"minecraft:iron_ingot":100,"minecraft:iron_block":6,"minecraft:oak_door":9,"minecraft:stone_shovel":2,"minecraft:furnace":3,"minecraft:blast_furnace":1,"minecraft:bone_meal":183,"minecraft:iron_axe":13,"minecraft:spruce_slab":48,"minecraft:iron_hoe":1,"minecraft:stone_pickaxe":2,"minecraft:diamond_boots":4,"minecraft:wheat":441,"minecraft:bucket":2,"minecraft:stone_axe":5,"minecraft:bread":476,"minecraft:air":0,"minecraft:oak_boat":1,"minecraft:white_wool":1,"minecraft:chainmail_boots":12,"minecraft:iron_leggings":1,"minecraft:anvil":2,"minecraft:white_bed":4,"minecraft:torch":84,"minecraft:diamond_chestplate":11},"minecraft:dropped":{"minecraft:clay":2,"minecraft:moss_block":17,"minecraft:porkchop":896,"minecraft:diamond_axe":6,"minecraft:glow_berries":5,"minecraft:leather":1,"minecraft:emerald":3,"minecraft:dirt":5,"minecraft:cornflower":2,"minecraft:mutton":1,"minecraft:white_wool":2,"minecraft:cauldron":2,"minecraft:oak_door":5,"minecraft:gravel":11,"minecraft:sugar_cane":65,"minecraft:pig_spawn_egg":1,"minecraft:netherite_sword":1,"minecraft:wheat":4,"minecraft:obsidian":1,"minecraft:oak_planks":4,"minecraft:diamond_shovel":2,"minecraft:poppy":6,"minecraft:gunpowder":14,"minecraft:beetroot_seeds":1,"minecraft:chainmail_boots":14,"minecraft:arrow":64,"minecraft:beef":2,"minecraft:bread":8,"minecraft:wheat_seeds":11,"minecraft:diamond_leggings":5,"minecraft:poisonous_potato":3,"minecraft:iron_helmet":28,"minecraft:cobblestone":16,"minecraft:granite":2,"minecraft:grass_block":1,"minecraft:stick":10,"minecraft:diorite":39,"minecraft:diamond_helmet":1,"minecraft:flowering_azalea":1,"minecraft:iron_axe":12,"minecraft:smooth_stone":2,"minecraft:string":9,"minecraft:stone_shovel":1,"minecraft:clay_ball":3,"minecraft:diamond_sword":1,"minecraft:hay_block":16,"minecraft:potato":1724,"minecraft:shield":29,"minecraft:diamond_chestplate":2,"minecraft:spruce_planks":114,"minecraft:diamond_pickaxe":1,"minecraft:andesite":8,"minecraft:yellow_bed":1,"minecraft:oak_sapling":1,"minecraft:spider_eye":11,"minecraft:diamond_boots":4,"minecraft:stone_pickaxe":1},"minecraft:broken":{"minecraft:stone_pickaxe":1,"minecraft:stone_axe":2,"minecraft:stone_shovel":2,"minecraft:iron_axe":1},"minecraft:killed":{"minecraft:witch":1,"minecraft:spider":25,"minecraft:skeleton":81,"minecraft:fox":2,"minecraft:chicken":2,"minecraft:pig":7,"minecraft:zombie_villager":6,"minecraft:salmon":9,"minecraft:iron_golem":37,"minecraft:creeper":24,"minecraft:sheep":20,"minecraft:trader_llama":2,"minecraft:zombie":77,"minecraft:cow":11,"minecraft:drowned":1,"minecraft:bat":1,"minecraft:wandering_trader":1,"minecraft:enderman":8}},"DataVersion":3955}