{"stats":{"minecraft:picked_up":{"minecraft:wheat":1,"minecraft:cooked_porkchop":17,"minecraft:leather":3,"minecraft:pig_spawn_egg":1,"minecraft:porkchop":10,"minecraft:oak_log":15,"minecraft:cornflower":2,"minecraft:dirt":1,"minecraft:rotten_flesh":2,"minecraft:wheat_seeds":1,"minecraft:netherite_sword":1,"minecraft:hay_block":33,"minecraft:beef":4,"minecraft:mutton":5,"minecraft:white_wool":3},"minecraft:used":{"minecraft:oak_log":2,"minecraft:netherite_sword":59,"minecraft:trident":70,"minecraft:cow_spawn_egg":1,"minecraft:grass_block":4,"minecraft:pig_spawn_egg":140,"minecraft:zombie_spawn_egg":1,"minecraft:wooden_sword":6,"minecraft:dirt":1,"minecraft:anvil":2,"minecraft:podzol":1,"minecraft:spruce_log":1},"minecraft:custom":{"minecraft:time_since_rest":5159,"minecraft:sprint_one_cm":32269,"minecraft:damage_taken":200,"minecraft:walk_one_cm":99168,"minecraft:interact_with_anvil":2,"minecraft:mob_kills":12,"minecraft:drop":27,"minecraft:damage_dealt":7364,"minecraft:swim_one_cm":939,"minecraft:fly_one_cm":347830,"minecraft:player_kills":10,"minecraft:crouch_one_cm":7365,"minecraft:play_time":53223,"minecraft:deaths":10,"minecraft:sneak_time":3101,"minecraft:walk_under_water_one_cm":7211,"minecraft:jump":995,"minecraft:leave_game":4,"minecraft:walk_on_water_one_cm":16523,"minecraft:time_since_death":5113,"minecraft:total_world_time":53223,"minecraft:fall_one_cm":14309},"minecraft:crafted":{"minecraft:wheat":198},"minecraft:mined":{"minecraft:hay_block":33,"minecraft:cornflower":1,"minecraft:short_grass":8,"minecraft:grass_block":1,"minecraft:oak_log":13,"minecraft:tall_grass":1},"minecraft:dropped":{"minecraft:porkchop":896,"minecraft:wheat_seeds":1,"minecraft:cornflower":2,"minecraft:pig_spawn_egg":1,"minecraft:netherite_sword":1,"minecraft:wheat":1,"minecraft:leather":1,"minecraft:beef":2},"minecraft:killed":{"minecraft:sheep":3,"minecraft:zombie":1,"minecraft:pig":6,"minecraft:cow":2}},"DataVersion":3955}