{"stats":{"minecraft:picked_up":{"minecraft:stripped_oak_log":4,"minecraft:crafting_table":6,"minecraft:wheat":15,"minecraft:feather":2,"minecraft:chicken":2,"minecraft:leather":3,"minecraft:potato":20,"minecraft:oak_log":153,"minecraft:gunpowder":3,"minecraft:dirt":276,"minecraft:cornflower":2,"minecraft:string":2,"minecraft:bone":8,"minecraft:beetroot":4,"minecraft:apple":3,"minecraft:bow":1,"minecraft:wheat_seeds":88,"minecraft:netherite_sword":1,"minecraft:bell":1,"minecraft:stone_pickaxe":1,"minecraft:beef":4,"minecraft:sugar_cane":2,"minecraft:oak_planks":32,"minecraft:egg":3,"minecraft:stick":4,"minecraft:raw_iron":3,"minecraft:cooked_porkchop":17,"minecraft:oak_door":5,"minecraft:pig_spawn_egg":1,"minecraft:torch":13,"minecraft:dandelion":1,"minecraft:porkchop":12,"minecraft:diorite":2,"minecraft:white_bed":3,"minecraft:carrot":51,"minecraft:arrow":7,"minecraft:stone_shovel":1,"minecraft:rotten_flesh":5,"minecraft:beetroot_seeds":14,"minecraft:hay_block":49,"minecraft:bread":1,"minecraft:oak_sapling":5,"minecraft:mutton":5,"minecraft:coal":28,"minecraft:white_wool":3,"minecraft:cobblestone":81},"minecraft:used":{"minecraft:wheat_seeds":1,"minecraft:trident":70,"minecraft:netherite_sword":59,"minecraft:diorite":1,"minecraft:cow_spawn_egg":1,"minecraft:stone_pickaxe":125,"minecraft:stone_shovel":277,"minecraft:oak_planks":272,"minecraft:oak_sign":3,"minecraft:chest":2,"minecraft:wooden_pickaxe":3,"minecraft:zombie_spawn_egg":1,"minecraft:stone_hoe":19,"minecraft:oak_door":3,"minecraft:torch":23,"minecraft:dirt":213,"minecraft:anvil":2,"minecraft:crafting_table":8,"minecraft:carrot":2,"minecraft:white_bed":3,"minecraft:spruce_log":1,"minecraft:oak_log":4,"minecraft:grass_block":4,"minecraft:bread":32,"minecraft:pig_spawn_egg":140,"minecraft:stone_axe":230,"minecraft:wooden_sword":6,"minecraft:cobblestone":9,"minecraft:podzol":1,"minecraft:beetroot_seeds":2,"minecraft:egg":3},"minecraft:custom":{"minecraft:interact_with_anvil":2,"minecraft:mob_kills":33,"minecraft:interact_with_crafting_table":16,"minecraft:leave_game":10,"minecraft:time_since_death":80318,"minecraft:sleep_in_bed":7,"minecraft:time_since_rest":603,"minecraft:sprint_one_cm":145431,"minecraft:damage_taken":1575,"minecraft:walk_one_cm":354275,"minecraft:drop":35,"minecraft:damage_dealt":10947,"minecraft:swim_one_cm":27774,"minecraft:fly_one_cm":658139,"minecraft:player_kills":10,"minecraft:open_chest":4,"minecraft:crouch_one_cm":36022,"minecraft:play_time":128428,"minecraft:sneak_time":10138,"minecraft:deaths":10,"minecraft:walk_under_water_one_cm":12844,"minecraft:jump":2684,"minecraft:walk_on_water_one_cm":20887,"minecraft:total_world_time":128428,"minecraft:fall_one_cm":75646},"minecraft:mined":{"minecraft:white_bed":3,"minecraft:oak_door":3,"minecraft:cornflower":1,"minecraft:crafting_table":6,"minecraft:short_grass":119,"minecraft:grass_block":237,"minecraft:tall_grass":14,"minecraft:cobblestone":19,"minecraft:oak_planks":17,"minecraft:sugar_cane":1,"minecraft:diorite":2,"minecraft:wall_torch":13,"minecraft:hay_block":49,"minecraft:carrots":25,"minecraft:iron_ore":3,"minecraft:wheat":46,"minecraft:bell":1,"minecraft:oak_log":151,"minecraft:potatoes":7,"minecraft:coal_ore":28,"minecraft:beetroots":5,"minecraft:dirt":31,"minecraft:stripped_oak_log":4,"minecraft:stone":62,"minecraft:oak_leaves":7},"minecraft:crafted":{"minecraft:oak_door":3,"minecraft:oak_planks":428,"minecraft:stone_shovel":2,"minecraft:oak_sign":9,"minecraft:crafting_table":3,"minecraft:wooden_pickaxe":1,"minecraft:stone_axe":2,"minecraft:bread":99,"minecraft:stick":24,"minecraft:stone_pickaxe":1,"minecraft:chest":2,"minecraft:torch":16,"minecraft:stone_hoe":1,"minecraft:wheat":297},"minecraft:dropped":{"minecraft:oak_door":3,"minecraft:bread":1,"minecraft:porkchop":896,"minecraft:wheat_seeds":2,"minecraft:pig_spawn_egg":1,"minecraft:netherite_sword":1,"minecraft:wheat":1,"minecraft:stone_shovel":1,"minecraft:leather":1,"minecraft:cornflower":2,"minecraft:beetroot_seeds":1,"minecraft:stone_pickaxe":1,"minecraft:beef":2},"minecraft:broken":{"minecraft:stone_axe":2,"minecraft:stone_shovel":2,"minecraft:stone_pickaxe":1},"minecraft:killed":{"minecraft:pig":7,"minecraft:zombie_villager":1,"minecraft:spider":4,"minecraft:creeper":3,"minecraft:sheep":3,"minecraft:skeleton":6,"minecraft:zombie":4,"minecraft:chicken":2,"minecraft:cow":2}},"DataVersion":3955}