{"stats":{"minecraft:used":{"minecraft:oak_log":2,"minecraft:trident":70,"minecraft:netherite_sword":56,"minecraft:cow_spawn_egg":1,"minecraft:grass_block":4,"minecraft:pig_spawn_egg":140,"minecraft:wooden_sword":6,"minecraft:anvil":2,"minecraft:podzol":1,"minecraft:spruce_log":1},"minecraft:dropped":{"minecraft:porkchop":896,"minecraft:pig_spawn_egg":1,"minecraft:netherite_sword":1,"minecraft:leather":1,"minecraft:beef":2},"minecraft:killed":{"minecraft:sheep":3,"minecraft:pig":3,"minecraft:cow":2},"minecraft:custom":{"minecraft:time_since_rest":718,"minecraft:sprint_one_cm":22625,"minecraft:damage_taken":80,"minecraft:walk_one_cm":86386,"minecraft:interact_with_anvil":2,"minecraft:mob_kills":8,"minecraft:drop":23,"minecraft:damage_dealt":6864,"minecraft:swim_one_cm":939,"minecraft:fly_one_cm":292644,"minecraft:player_kills":10,"minecraft:crouch_one_cm":7,"minecraft:play_time":42332,"minecraft:deaths":9,"minecraft:sneak_time":127,"minecraft:walk_under_water_one_cm":5331,"minecraft:jump":777,"minecraft:leave_game":4,"minecraft:walk_on_water_one_cm":14936,"minecraft:time_since_death":691,"minecraft:total_world_time":42332,"minecraft:fall_one_cm":3449},"minecraft:mined":{"minecraft:short_grass":1,"minecraft:tall_grass":1},"minecraft:picked_up":{"minecraft:cooked_porkchop":17,"minecraft:leather":3,"minecraft:pig_spawn_egg":1,"minecraft:porkchop":5,"minecraft:oak_log":2,"minecraft:netherite_sword":1,"minecraft:beef":4,"minecraft:mutton":5,"minecraft:white_wool":3}},"DataVersion":3955}