{"stats":{"minecraft:custom":{"minecraft:time_since_rest":12677,"minecraft:sprint_one_cm":12565,"minecraft:walk_one_cm":17794,"minecraft:damage_taken":370,"minecraft:mob_kills":11,"minecraft:drop":1,"minecraft:damage_dealt":6525,"minecraft:fly_one_cm":91961,"minecraft:open_chest":5,"minecraft:play_time":18158,"minecraft:deaths":1,"minecraft:sneak_time":39,"minecraft:jump":280,"minecraft:leave_game":3,"minecraft:time_since_death":12651,"minecraft:total_world_time":18158,"minecraft:fall_one_cm":4873},"minecraft:used":{"minecraft:warden_spawn_egg":2,"securitycraft:reinforced_jungle_log":2,"securitycraft:camera_monitor":1,"minecraft:netherite_sword":54,"minecraft:cow_spawn_egg":7,"securitycraft:keypad_chest":2,"minecraft:oak_planks":1,"securitycraft:security_camera":4,"minecraft:calibrated_sculk_sensor":14,"minecraft:sand":3,"minecraft:beef":4,"minecraft:netherite_pickaxe":2,"minecraft:sculk_catalyst":44},"minecraft:picked_up":{"minecraft:sculk_catalyst":1,"minecraft:leather":2,"minecraft:sand":3,"securitycraft:reinforced_oak_planks":1,"securitycraft:keypad_chest":1,"minecraft:spider_eye":1,"minecraft:string":1,"minecraft:cactus":1,"minecraft:rotten_flesh":3,"minecraft:netherite_sword":1,"minecraft:rabbit_hide":1,"minecraft:beef":4,"securitycraft:reinforced_jungle_log":64,"minecraft:rabbit":1},"minecraft:mined":{"minecraft:dead_bush":3,"minecraft:sand":3},"minecraft:dropped":{"minecraft:netherite_sword":1},"minecraft:killed":{"minecraft:skeleton":1,"minecraft:husk":1,"minecraft:zombie":2,"minecraft:salmon":1,"minecraft:spider":2,"minecraft:warden":1,"minecraft:cow":3}},"DataVersion":3465}