{"stats":{"minecraft:custom":{"minecraft:time_since_rest":10363,"minecraft:open_chest":5,"minecraft:sprint_one_cm":5796,"minecraft:play_time":15844,"minecraft:deaths":1,"minecraft:damage_taken":370,"minecraft:walk_one_cm":14425,"minecraft:sneak_time":39,"minecraft:mob_kills":5,"minecraft:drop":1,"minecraft:jump":155,"minecraft:damage_dealt":5405,"minecraft:leave_game":3,"minecraft:time_since_death":10337,"minecraft:total_world_time":15844,"minecraft:fall_one_cm":4873,"minecraft:fly_one_cm":57082},"minecraft:used":{"minecraft:warden_spawn_egg":2,"minecraft:netherite_sword":41,"securitycraft:camera_monitor":1,"securitycraft:reinforced_jungle_log":2,"minecraft:cow_spawn_egg":7,"minecraft:sand":3,"minecraft:beef":4,"securitycraft:keypad_chest":2,"minecraft:netherite_pickaxe":2,"minecraft:oak_planks":1,"securitycraft:security_camera":4,"minecraft:sculk_catalyst":8,"minecraft:calibrated_sculk_sensor":14},"minecraft:picked_up":{"minecraft:leather":2,"minecraft:netherite_sword":1,"minecraft:rabbit_hide":1,"minecraft:beef":4,"minecraft:sand":3,"securitycraft:reinforced_jungle_log":64,"securitycraft:reinforced_oak_planks":1,"minecraft:rabbit":1,"securitycraft:keypad_chest":1,"minecraft:sculk_catalyst":1},"minecraft:mined":{"minecraft:dead_bush":3,"minecraft:sand":3},"minecraft:dropped":{"minecraft:netherite_sword":1},"minecraft:killed":{"minecraft:warden":1,"minecraft:cow":3,"minecraft:salmon":1}},"DataVersion":3465}