{"stats":{"minecraft:custom":{"minecraft:time_since_rest":15171,"minecraft:sprint_one_cm":16863,"minecraft:walk_one_cm":20302,"minecraft:damage_taken":370,"minecraft:mob_kills":15,"minecraft:drop":1,"minecraft:damage_dealt":7325,"minecraft:fly_one_cm":125034,"minecraft:open_chest":5,"minecraft:play_time":20652,"minecraft:deaths":1,"minecraft:sneak_time":39,"minecraft:jump":388,"minecraft:leave_game":4,"minecraft:time_since_death":15145,"minecraft:total_world_time":20652,"minecraft:fall_one_cm":4873},"minecraft:used":{"minecraft:warden_spawn_egg":2,"securitycraft:reinforced_jungle_log":2,"securitycraft:camera_monitor":1,"minecraft:netherite_sword":62,"minecraft:cow_spawn_egg":7,"minecraft:flint_and_steel":6,"securitycraft:keypad_chest":2,"minecraft:oak_planks":1,"securitycraft:security_camera":4,"minecraft:calibrated_sculk_sensor":14,"minecraft:sand":3,"minecraft:beef":4,"minecraft:netherite_pickaxe":2,"minecraft:sculk_catalyst":97},"minecraft:picked_up":{"minecraft:sculk_catalyst":1,"minecraft:leather":2,"minecraft:sand":22,"securitycraft:reinforced_oak_planks":1,"securitycraft:keypad_chest":1,"minecraft:spider_eye":1,"minecraft:string":1,"minecraft:bone":2,"minecraft:arrow":2,"minecraft:cactus":1,"minecraft:rotten_flesh":3,"minecraft:netherite_sword":1,"minecraft:rabbit_hide":1,"minecraft:beef":4,"securitycraft:reinforced_jungle_log":64,"minecraft:rabbit":1},"minecraft:mined":{"minecraft:dead_bush":3,"minecraft:sand":3},"minecraft:dropped":{"minecraft:netherite_sword":1},"minecraft:killed":{"minecraft:skeleton":5,"minecraft:husk":1,"minecraft:zombie":2,"minecraft:salmon":1,"minecraft:spider":2,"minecraft:warden":1,"minecraft:cow":3}},"DataVersion":3465}