{"stats":{"minecraft:custom":{"minecraft:jump":145,"minecraft:time_since_rest":14221,"minecraft:crouch_one_cm":142,"minecraft:play_time":14221,"minecraft:damage_taken":10,"minecraft:time_since_death":14221,"minecraft:walk_one_cm":51669,"minecraft:sneak_time":192,"minecraft:total_world_time":14221,"minecraft:fall_one_cm":1829,"minecraft:fly_one_cm":212},"minecraft:mined":{"minecraft:short_grass":3,"minecraft:grass_block":3,"minecraft:fern":1,"minecraft:dirt":4},"minecraft:used":{"minecraft:dirt":5},"minecraft:picked_up":{"minecraft:dirt":7}},"DataVersion":3955}