{"stats":{"minecraft:custom":{"minecraft:time_since_rest":26221,"minecraft:crouch_one_cm":154,"minecraft:play_time":26221,"minecraft:damage_taken":70,"minecraft:walk_one_cm":86901,"minecraft:sneak_time":213,"minecraft:drop":2,"minecraft:jump":246,"minecraft:damage_dealt":20,"minecraft:time_since_death":26221,"minecraft:walk_on_water_one_cm":4081,"minecraft:total_world_time":26221,"minecraft:interact_with_crafting_table":2,"minecraft:fly_one_cm":239,"minecraft:fall_one_cm":4735},"minecraft:crafted":{"minecraft:wooden_sword":1,"minecraft:oak_planks":16,"minecraft:crafting_table":1,"minecraft:stick":4,"minecraft:wooden_pickaxe":1},"minecraft:mined":{"minecraft:short_grass":3,"minecraft:grass_block":3,"minecraft:oak_log":4,"minecraft:dirt":5,"minecraft:oak_planks":1,"minecraft:fern":1},"minecraft:dropped":{"minecraft:oak_planks":12,"minecraft:crafting_table":1},"minecraft:used":{"minecraft:dirt":8,"minecraft:crafting_table":1,"minecraft:oak_planks":1},"minecraft:picked_up":{"minecraft:crafting_table":1,"minecraft:oak_log":4,"minecraft:oak_planks":13,"minecraft:dirt":8}},"DataVersion":3955}