{"stats":{"minecraft:picked_up":{"minecraft:stick":9,"minecraft:crafting_table":4,"minecraft:chicken":1,"minecraft:andesite":12,"minecraft:porkchop":6,"minecraft:oak_log":38,"minecraft:dirt":74,"minecraft:string":3,"minecraft:rotten_flesh":1,"minecraft:apple":2,"minecraft:wheat_seeds":2,"minecraft:oak_sapling":8,"minecraft:oak_planks":121,"minecraft:coal":12,"minecraft:cobblestone":28,"minecraft:furnace":1},"minecraft:used":{"minecraft:oak_log":1,"minecraft:wooden_axe":13,"minecraft:string":1,"minecraft:oak_planks":1,"minecraft:wooden_pickaxe":51,"minecraft:wooden_sword":11,"minecraft:dirt":62,"minecraft:cobblestone":4,"minecraft:crafting_table":3,"minecraft:furnace":1,"minecraft:oak_sapling":2,"minecraft:porkchop":3},"minecraft:custom":{"minecraft:time_since_rest":40204,"minecraft:sprint_one_cm":171,"minecraft:interact_with_furnace":1,"minecraft:damage_taken":980,"minecraft:walk_one_cm":356706,"minecraft:mob_kills":7,"minecraft:drop":15,"minecraft:damage_dealt":956,"minecraft:interact_with_crafting_table":4,"minecraft:fly_one_cm":2246,"minecraft:play_time":101125,"minecraft:crouch_one_cm":438,"minecraft:deaths":3,"minecraft:sneak_time":708,"minecraft:walk_under_water_one_cm":6348,"minecraft:jump":752,"minecraft:leave_game":5,"minecraft:time_since_death":40171,"minecraft:walk_on_water_one_cm":14359,"minecraft:total_world_time":101125,"minecraft:fall_one_cm":15478},"minecraft:crafted":{"minecraft:wooden_sword":2,"minecraft:oak_planks":148,"minecraft:crafting_table":2,"minecraft:stick":12,"minecraft:wooden_pickaxe":2,"minecraft:stone_pickaxe":1,"minecraft:wooden_axe":1,"minecraft:furnace":1},"minecraft:mined":{"minecraft:large_fern":1,"minecraft:oak_sapling":2,"minecraft:furnace":1,"minecraft:andesite":3,"minecraft:crafting_table":3,"minecraft:short_grass":7,"minecraft:grass_block":24,"minecraft:oak_log":38,"minecraft:coal_ore":12,"minecraft:dirt":52,"minecraft:cobblestone":4,"minecraft:stone":24,"minecraft:oak_planks":1,"minecraft:oak_leaves":3,"minecraft:tripwire":1,"minecraft:fern":2},"minecraft:dropped":{"minecraft:dirt":7,"minecraft:wheat_seeds":2,"minecraft:crafting_table":1,"minecraft:andesite":12,"minecraft:rotten_flesh":1,"minecraft:oak_planks":120,"minecraft:string":2},"minecraft:killed":{"minecraft:zombie":1,"minecraft:pig":4,"minecraft:chicken":1,"minecraft:spider":1},"minecraft:killed_by":{"minecraft:spider":1}},"DataVersion":3955}