{"stats":{"minecraft:custom":{"minecraft:time_since_rest":37252,"minecraft:interact_with_furnace":1,"minecraft:sprint_one_cm":48,"minecraft:damage_taken":70,"minecraft:walk_one_cm":111483,"minecraft:mob_kills":3,"minecraft:drop":5,"minecraft:damage_dealt":320,"minecraft:interact_with_crafting_table":3,"minecraft:fly_one_cm":265,"minecraft:crouch_one_cm":158,"minecraft:play_time":37252,"minecraft:sneak_time":311,"minecraft:jump":306,"minecraft:leave_game":1,"minecraft:walk_on_water_one_cm":4081,"minecraft:time_since_death":37252,"minecraft:total_world_time":37252,"minecraft:fall_one_cm":5422},"minecraft:crafted":{"minecraft:wooden_sword":1,"minecraft:oak_planks":16,"minecraft:crafting_table":1,"minecraft:stick":12,"minecraft:wooden_pickaxe":1,"minecraft:stone_pickaxe":1,"minecraft:furnace":1},"minecraft:killed":{"minecraft:pig":3},"minecraft:mined":{"minecraft:furnace":1,"minecraft:andesite":3,"minecraft:crafting_table":2,"minecraft:short_grass":3,"minecraft:oak_log":4,"minecraft:grass_block":3,"minecraft:coal_ore":12,"minecraft:dirt":7,"minecraft:cobblestone":3,"minecraft:stone":24,"minecraft:oak_planks":1,"minecraft:fern":1},"minecraft:dropped":{"minecraft:andesite":9,"minecraft:crafting_table":1,"minecraft:oak_planks":12},"minecraft:used":{"minecraft:oak_planks":1,"minecraft:wooden_pickaxe":47,"minecraft:wooden_sword":10,"minecraft:dirt":8,"minecraft:cobblestone":4,"minecraft:crafting_table":2,"minecraft:furnace":1,"minecraft:porkchop":3},"minecraft:picked_up":{"minecraft:crafting_table":3,"minecraft:andesite":9,"minecraft:porkchop":4,"minecraft:oak_log":4,"minecraft:dirt":8,"minecraft:oak_planks":13,"minecraft:coal":12,"minecraft:cobblestone":27,"minecraft:furnace":1}},"DataVersion":3955}