{"stats":{"minecraft:custom":{"minecraft:time_since_rest":6130,"minecraft:interact_with_furnace":1,"minecraft:sprint_one_cm":48,"minecraft:damage_taken":420,"minecraft:walk_one_cm":179377,"minecraft:mob_kills":3,"minecraft:drop":7,"minecraft:damage_dealt":320,"minecraft:interact_with_crafting_table":3,"minecraft:fly_one_cm":1119,"minecraft:crouch_one_cm":363,"minecraft:play_time":45969,"minecraft:deaths":1,"minecraft:sneak_time":470,"minecraft:walk_under_water_one_cm":393,"minecraft:jump":466,"minecraft:leave_game":2,"minecraft:walk_on_water_one_cm":4665,"minecraft:time_since_death":6093,"minecraft:total_world_time":45969,"minecraft:fall_one_cm":11182},"minecraft:crafted":{"minecraft:wooden_sword":1,"minecraft:oak_planks":16,"minecraft:crafting_table":1,"minecraft:stick":12,"minecraft:wooden_pickaxe":1,"minecraft:stone_pickaxe":1,"minecraft:furnace":1},"minecraft:killed":{"minecraft:pig":3},"minecraft:mined":{"minecraft:furnace":1,"minecraft:andesite":3,"minecraft:crafting_table":2,"minecraft:short_grass":3,"minecraft:oak_log":4,"minecraft:grass_block":5,"minecraft:coal_ore":12,"minecraft:dirt":8,"minecraft:cobblestone":4,"minecraft:stone":24,"minecraft:oak_planks":1,"minecraft:fern":1},"minecraft:dropped":{"minecraft:andesite":12,"minecraft:crafting_table":1,"minecraft:rotten_flesh":1,"minecraft:oak_planks":12},"minecraft:used":{"minecraft:oak_planks":1,"minecraft:wooden_pickaxe":51,"minecraft:wooden_sword":10,"minecraft:dirt":8,"minecraft:cobblestone":4,"minecraft:crafting_table":2,"minecraft:furnace":1,"minecraft:porkchop":3},"minecraft:picked_up":{"minecraft:crafting_table":3,"minecraft:andesite":12,"minecraft:porkchop":4,"minecraft:oak_log":4,"minecraft:dirt":11,"minecraft:rotten_flesh":1,"minecraft:oak_planks":13,"minecraft:coal":12,"minecraft:cobblestone":28,"minecraft:furnace":1}},"DataVersion":3955}