{"stats":{"minecraft:picked_up":{"minecraft:crafting_table":1,"minecraft:cooked_porkchop":1,"minecraft:oak_door":3,"minecraft:leather":1,"minecraft:torch":1,"minecraft:porkchop":896,"minecraft:oak_log":20,"minecraft:spruce_log":3,"minecraft:dirt":22,"minecraft:raw_copper":17,"minecraft:beef":3,"minecraft:light_gray_wool":1,"minecraft:oak_sapling":1,"minecraft:mutton":1,"minecraft:coal":1,"minecraft:cobblestone":102},"minecraft:used":{"minecraft:stone_pickaxe":50,"minecraft:wooden_pickaxe":59,"minecraft:oak_door":2,"minecraft:stone_axe":2,"minecraft:torch":5,"minecraft:cobblestone":7,"minecraft:crafting_table":2,"minecraft:spruce_log":3},"minecraft:custom":{"minecraft:time_since_rest":16018,"minecraft:sprint_one_cm":64427,"minecraft:damage_taken":9934,"minecraft:walk_one_cm":169568,"minecraft:mob_kills":1,"minecraft:drop":17,"minecraft:damage_dealt":353,"minecraft:swim_one_cm":30562,"minecraft:interact_with_crafting_table":2,"minecraft:fly_one_cm":24970,"minecraft:crouch_one_cm":12,"minecraft:play_time":49755,"minecraft:deaths":18,"minecraft:sneak_time":187,"minecraft:walk_under_water_one_cm":9436,"minecraft:jump":462,"minecraft:leave_game":14,"minecraft:walk_on_water_one_cm":4585,"minecraft:time_since_death":15807,"minecraft:total_world_time":49755,"minecraft:fall_one_cm":27233},"minecraft:crafted":{"minecraft:oak_planks":32,"minecraft:crafting_table":1,"minecraft:stick":16,"minecraft:wooden_pickaxe":1,"minecraft:stone_pickaxe":1,"minecraft:stone_sword":1,"minecraft:torch":4,"minecraft:stone_axe":1},"minecraft:mined":{"minecraft:podzol":1,"minecraft:oak_door":2,"minecraft:spruce_log":3,"minecraft:crafting_table":1,"minecraft:short_grass":8,"minecraft:coal_ore":1,"minecraft:oak_log":22,"minecraft:dirt":22,"minecraft:copper_ore":6,"minecraft:tall_grass":6,"minecraft:cobblestone":2,"minecraft:stone":100,"minecraft:wall_torch":1,"minecraft:oak_leaves":6,"minecraft:fern":1},"minecraft:dropped":{"minecraft:oak_planks":17,"minecraft:beef":1},"minecraft:broken":{"minecraft:wooden_pickaxe":1},"minecraft:killed":{"minecraft:pig":1},"minecraft:killed_by":{"minecraft:player":10,"minecraft:zombie":1}},"DataVersion":3955}