{"stats":{"minecraft:custom":{"minecraft:mob_kills":75,"minecraft:interact_with_crafting_table":32,"minecraft:bell_ring":13,"minecraft:leave_game":16,"minecraft:time_since_death":9024,"minecraft:climb_one_cm":533,"minecraft:sprint_one_cm":597316,"minecraft:walk_one_cm":1294596,"minecraft:damage_blocked_by_shield":623,"minecraft:drop":66,"minecraft:talked_to_villager":14,"minecraft:play_time":326311,"minecraft:deaths":33,"minecraft:sneak_time":7490,"minecraft:walk_under_water_one_cm":39881,"minecraft:boat_one_cm":82062,"minecraft:jump":3528,"minecraft:walk_on_water_one_cm":49808,"minecraft:total_world_time":326311,"minecraft:interact_with_furnace":37,"minecraft:interact_with_cartography_table":3,"minecraft:sleep_in_bed":19,"minecraft:time_since_rest":9052,"minecraft:damage_taken":16716,"minecraft:damage_dealt":12045,"minecraft:swim_one_cm":49537,"minecraft:fly_one_cm":131268,"minecraft:open_chest":78,"minecraft:crouch_one_cm":7660,"minecraft:fall_one_cm":74553},"minecraft:killed_by":{"minecraft:player":10,"minecraft:creeper":2,"minecraft:pillager":1,"minecraft:enderman":1,"minecraft:skeleton":4,"minecraft:zombie":7},"minecraft:crafted":{"minecraft:oak_door":3,"minecraft:oak_planks":256,"minecraft:cooked_mutton":11,"minecraft:iron_boots":1,"minecraft:stone_pickaxe":3,"minecraft:yellow_banner":1,"minecraft:wheat":144,"minecraft:crafting_table":4,"minecraft:wooden_pickaxe":2,"minecraft:copper_ingot":3,"minecraft:leather_helmet":1,"minecraft:bucket":1,"minecraft:stone_axe":3,"minecraft:bread":56,"minecraft:oak_boat":1,"minecraft:iron_chestplate":1,"minecraft:shield":1,"minecraft:stick":92,"minecraft:iron_ingot":25,"minecraft:iron_pickaxe":2,"minecraft:stone_sword":5,"minecraft:torch":124},"minecraft:killed":{"minecraft:spider":3,"minecraft:skeleton":14,"minecraft:pig":4,"minecraft:iron_golem":1,"minecraft:wandering_trader":1,"minecraft:sheep":17,"minecraft:trader_llama":2,"minecraft:pillager":1,"minecraft:zombie":16,"minecraft:enderman":2,"minecraft:cow":10},"minecraft:mined":{"minecraft:white_bed":11,"minecraft:oak_door":4,"minecraft:brewing_stand":1,"minecraft:cave_vines_plant":1,"minecraft:granite":1,"minecraft:grass_block":11,"minecraft:cartography_table":1,"minecraft:moss_block":1,"minecraft:oxeye_daisy":1,"minecraft:spawner":1,"minecraft:hay_block":16,"minecraft:magma_block":1,"minecraft:furnace":12,"minecraft:carrots":17,"minecraft:iron_ore":27,"minecraft:andesite":18,"minecraft:potatoes":13,"minecraft:cave_vines":5,"minecraft:dirt_path":1,"minecraft:stripped_oak_log":24,"minecraft:white_banner":1,"minecraft:stone":305,"minecraft:podzol":1,"minecraft:yellow_banner":1,"minecraft:dandelion":4,"minecraft:clay":4,"minecraft:crafting_table":9,"minecraft:torch":19,"minecraft:short_grass":161,"minecraft:emerald_ore":1,"minecraft:poppy":1,"minecraft:chest":8,"minecraft:rose_bush":6,"minecraft:tall_grass":23,"minecraft:copper_ore":6,"minecraft:cobblestone":20,"minecraft:lapis_ore":6,"minecraft:sugar_cane":7,"minecraft:diorite":4,"minecraft:wall_torch":31,"minecraft:coarse_dirt":1,"minecraft:yellow_wool":6,"minecraft:wheat":40,"minecraft:spruce_log":3,"minecraft:white_wall_banner":3,"minecraft:yellow_bed":3,"minecraft:oak_log":72,"minecraft:coal_ore":56,"minecraft:gravel":9,"minecraft:dirt":35,"minecraft:oak_leaves":25,"minecraft:fern":1},"minecraft:broken":{"minecraft:stone_sword":1,"minecraft:wooden_pickaxe":1,"minecraft:stone_pickaxe":1},"minecraft:dropped":{"minecraft:wheat_seeds":58,"minecraft:lapis_lazuli":34,"minecraft:crafting_table":1,"minecraft:grass_block":1,"minecraft:coal":14,"minecraft:stick":1,"minecraft:oxeye_daisy":1,"minecraft:lava_bucket":1,"minecraft:rose_bush":5,"minecraft:paper":3,"minecraft:string":5,"minecraft:white_wool":2,"minecraft:dandelion":3,"minecraft:gravel":11,"minecraft:clay_ball":16,"minecraft:oak_planks":17,"minecraft:stripped_oak_log":1,"minecraft:cooked_mutton":1,"minecraft:white_bed":8,"minecraft:filled_map":1,"minecraft:poppy":1,"minecraft:gunpowder":5,"minecraft:andesite":2,"minecraft:yellow_bed":4,"minecraft:oak_sapling":3,"minecraft:bow":1,"minecraft:arrow":27,"minecraft:beef":1,"minecraft:stone_pickaxe":1,"minecraft:black_wool":1},"minecraft:used":{"minecraft:stone_sword":328,"minecraft:chest":6,"minecraft:shield":25,"minecraft:rotten_flesh":13,"minecraft:oak_door":4,"minecraft:torch":167,"minecraft:dirt":11,"minecraft:carrot":4,"minecraft:filled_map":1,"minecraft:beef":4,"minecraft:oak_sapling":3,"minecraft:furnace":10,"minecraft:potato":10,"minecraft:cooked_beef":3,"minecraft:wheat_seeds":21,"minecraft:cooked_mutton":5,"minecraft:yellow_banner":2,"minecraft:water_bucket":11,"minecraft:stone_pickaxe":226,"minecraft:wooden_pickaxe":89,"minecraft:sugar_cane":1,"minecraft:white_wool":2,"minecraft:glow_berries":5,"minecraft:crafting_table":10,"minecraft:white_bed":7,"minecraft:spruce_log":3,"minecraft:bread":39,"minecraft:map":2,"minecraft:iron_pickaxe":220,"minecraft:gravel":1,"minecraft:stone_axe":148,"minecraft:cobblestone":186,"minecraft:white_banner":4,"minecraft:porkchop":1,"minecraft:bucket":14,"minecraft:oak_boat":6,"minecraft:dandelion":2,"minecraft:bone_meal":1},"minecraft:picked_up":{"minecraft:crafting_table":15,"minecraft:coarse_dirt":4,"minecraft:wheat":77,"minecraft:ominous_bottle":7,"minecraft:clay_ball":32,"minecraft:yellow_wool":6,"minecraft:lead":10,"minecraft:wooden_pickaxe":3,"minecraft:enchanted_book":2,"minecraft:brewing_stand":5,"minecraft:shield":2,"minecraft:string":10,"minecraft:raw_copper":187,"minecraft:cartography_table":7,"minecraft:bucket":2,"minecraft:beef":26,"minecraft:oak_boat":8,"minecraft:rose_bush":5,"minecraft:poppy":1,"minecraft:light_gray_wool":1,"minecraft:iron_pickaxe":4,"minecraft:sugar_cane":65,"minecraft:chest":16,"minecraft:furnace":18,"minecraft:raw_iron":41,"minecraft:stick":87,"minecraft:oak_door":22,"minecraft:torch":67,"minecraft:porkchop":902,"minecraft:diorite":16,"minecraft:carrot":53,"minecraft:yellow_banner":1,"minecraft:stone_sword":8,"minecraft:arrow":91,"minecraft:rotten_flesh":23,"minecraft:hay_block":16,"minecraft:glow_berries":6,"minecraft:mutton":28,"minecraft:white_wool":16,"minecraft:cobblestone":1094,"minecraft:oxeye_daisy":1,"minecraft:stripped_oak_log":25,"minecraft:magma_block":4,"minecraft:cooked_beef":3,"minecraft:andesite":66,"minecraft:leather":21,"minecraft:potato":44,"minecraft:filled_map":1,"minecraft:flint":1,"minecraft:oak_log":70,"minecraft:yellow_bed":5,"minecraft:gunpowder":5,"minecraft:lapis_lazuli":204,"minecraft:dirt":105,"minecraft:white_banner":11,"minecraft:cooked_mutton":1,"minecraft:bone":89,"minecraft:bow":5,"minecraft:wheat_seeds":329,"minecraft:stone_pickaxe":5,"minecraft:iron_ingot":13,"minecraft:moss_block":4,"minecraft:oak_planks":6,"minecraft:cooked_porkchop":1,"minecraft:dandelion":7,"minecraft:lava_bucket":1,"minecraft:gravel":23,"minecraft:grass_block":1,"minecraft:white_bed":15,"minecraft:spruce_log":3,"minecraft:yellow_carpet":1,"minecraft:stone_axe":5,"minecraft:granite":1,"minecraft:bone_meal":2,"minecraft:golden_apple":1,"minecraft:emerald":1,"minecraft:bread":22,"minecraft:black_wool":1,"minecraft:oak_sapling":11,"minecraft:coal":101}},"DataVersion":3955}