{"stats":{"minecraft:dropped":{"minecraft:wheat_seeds":2,"minecraft:oak_planks":17,"minecraft:white_bed":5,"minecraft:yellow_bed":2,"minecraft:beef":1},"minecraft:broken":{"minecraft:stone_pickaxe":1,"minecraft:wooden_pickaxe":1},"minecraft:crafted":{"minecraft:oak_planks":168,"minecraft:crafting_table":4,"minecraft:wooden_pickaxe":2,"minecraft:bucket":1,"minecraft:stone_axe":1,"minecraft:bread":6,"minecraft:stick":44,"minecraft:iron_ingot":6,"minecraft:iron_pickaxe":1,"minecraft:stone_pickaxe":3,"minecraft:stone_sword":3,"minecraft:torch":16},"minecraft:used":{"minecraft:wheat_seeds":21,"minecraft:water_bucket":2,"minecraft:stone_sword":88,"minecraft:stone_pickaxe":224,"minecraft:chest":3,"minecraft:wooden_pickaxe":75,"minecraft:rotten_flesh":5,"minecraft:oak_door":4,"minecraft:torch":9,"minecraft:dirt":6,"minecraft:crafting_table":5,"minecraft:white_bed":1,"minecraft:spruce_log":3,"minecraft:bread":14,"minecraft:stone_axe":59,"minecraft:cobblestone":47,"minecraft:beef":2,"minecraft:white_banner":3,"minecraft:bucket":3,"minecraft:dandelion":2},"minecraft:killed":{"minecraft:pig":2,"minecraft:wandering_trader":1,"minecraft:skeleton":4,"minecraft:trader_llama":2,"minecraft:pillager":1,"minecraft:zombie":3,"minecraft:enderman":1,"minecraft:cow":1},"minecraft:mined":{"minecraft:podzol":1,"minecraft:white_bed":5,"minecraft:oak_door":4,"minecraft:dandelion":3,"minecraft:brewing_stand":1,"minecraft:clay":4,"minecraft:crafting_table":4,"minecraft:torch":2,"minecraft:short_grass":97,"minecraft:grass_block":8,"minecraft:chest":3,"minecraft:tall_grass":10,"minecraft:copper_ore":6,"minecraft:cobblestone":19,"minecraft:cartography_table":1,"minecraft:wall_torch":15,"minecraft:carrots":16,"minecraft:iron_ore":13,"minecraft:wheat":29,"minecraft:spruce_log":3,"minecraft:white_wall_banner":1,"minecraft:yellow_bed":2,"minecraft:oak_log":48,"minecraft:potatoes":9,"minecraft:coal_ore":36,"minecraft:dirt_path":1,"minecraft:gravel":1,"minecraft:dirt":25,"minecraft:stripped_oak_log":8,"minecraft:white_banner":1,"minecraft:stone":189,"minecraft:oak_leaves":8,"minecraft:fern":1},"minecraft:killed_by":{"minecraft:player":10,"minecraft:skeleton":1,"minecraft:creeper":1,"minecraft:zombie":6,"minecraft:pillager":1,"minecraft:enderman":1},"minecraft:picked_up":{"minecraft:stripped_oak_log":8,"minecraft:crafting_table":4,"minecraft:wheat":20,"minecraft:ominous_bottle":4,"minecraft:clay_ball":16,"minecraft:leather":4,"minecraft:lead":2,"minecraft:potato":34,"minecraft:oak_log":46,"minecraft:brewing_stand":1,"minecraft:yellow_bed":4,"minecraft:dirt":56,"minecraft:white_banner":6,"minecraft:raw_copper":102,"minecraft:bone":15,"minecraft:wheat_seeds":84,"minecraft:cartography_table":1,"minecraft:stone_pickaxe":5,"minecraft:beef":5,"minecraft:light_gray_wool":1,"minecraft:chest":3,"minecraft:stick":20,"minecraft:raw_iron":13,"minecraft:cooked_porkchop":1,"minecraft:oak_door":10,"minecraft:torch":17,"minecraft:dandelion":4,"minecraft:gravel":1,"minecraft:porkchop":897,"minecraft:carrot":49,"minecraft:white_bed":9,"minecraft:spruce_log":3,"minecraft:stone_sword":5,"minecraft:arrow":7,"minecraft:rotten_flesh":10,"minecraft:stone_axe":5,"minecraft:bone_meal":1,"minecraft:bread":14,"minecraft:oak_sapling":4,"minecraft:mutton":1,"minecraft:coal":36,"minecraft:cobblestone":642},"minecraft:custom":{"minecraft:interact_with_furnace":3,"minecraft:mob_kills":17,"minecraft:interact_with_crafting_table":9,"minecraft:interact_with_cartography_table":1,"minecraft:leave_game":15,"minecraft:time_since_death":15285,"minecraft:sleep_in_bed":3,"minecraft:time_since_rest":15324,"minecraft:sprint_one_cm":214886,"minecraft:damage_taken":13322,"minecraft:walk_one_cm":592679,"minecraft:drop":26,"minecraft:damage_dealt":3587,"minecraft:swim_one_cm":42927,"minecraft:talked_to_villager":5,"minecraft:fly_one_cm":53531,"minecraft:open_chest":39,"minecraft:crouch_one_cm":909,"minecraft:play_time":145526,"minecraft:deaths":28,"minecraft:sneak_time":1176,"minecraft:walk_under_water_one_cm":21077,"minecraft:jump":1523,"minecraft:walk_on_water_one_cm":20621,"minecraft:total_world_time":145526,"minecraft:fall_one_cm":46012}},"DataVersion":3955}