{"stats":{"minecraft:custom":{"minecraft:mob_kills":24,"minecraft:interact_with_crafting_table":14,"minecraft:leave_game":16,"minecraft:time_since_death":7485,"minecraft:climb_one_cm":284,"minecraft:sprint_one_cm":245698,"minecraft:walk_one_cm":716374,"minecraft:damage_blocked_by_shield":310,"minecraft:drop":40,"minecraft:talked_to_villager":5,"minecraft:play_time":188311,"minecraft:deaths":31,"minecraft:sneak_time":2440,"minecraft:walk_under_water_one_cm":25756,"minecraft:boat_one_cm":22208,"minecraft:jump":1787,"minecraft:walk_on_water_one_cm":23642,"minecraft:total_world_time":188311,"minecraft:interact_with_furnace":14,"minecraft:interact_with_cartography_table":1,"minecraft:sleep_in_bed":7,"minecraft:time_since_rest":7509,"minecraft:damage_taken":14507,"minecraft:damage_dealt":4695,"minecraft:swim_one_cm":42927,"minecraft:fly_one_cm":56676,"minecraft:open_chest":54,"minecraft:crouch_one_cm":3107,"minecraft:fall_one_cm":48087},"minecraft:killed_by":{"minecraft:player":10,"minecraft:creeper":1,"minecraft:pillager":1,"minecraft:enderman":1,"minecraft:skeleton":4,"minecraft:zombie":6},"minecraft:crafted":{"minecraft:oak_door":3,"minecraft:oak_planks":168,"minecraft:stone_pickaxe":3,"minecraft:crafting_table":4,"minecraft:wooden_pickaxe":2,"minecraft:bucket":1,"minecraft:stone_axe":1,"minecraft:bread":6,"minecraft:oak_boat":1,"minecraft:shield":1,"minecraft:stick":44,"minecraft:iron_ingot":13,"minecraft:iron_pickaxe":2,"minecraft:stone_sword":3,"minecraft:torch":16},"minecraft:killed":{"minecraft:skeleton":10,"minecraft:pig":2,"minecraft:wandering_trader":1,"minecraft:trader_llama":2,"minecraft:pillager":1,"minecraft:zombie":3,"minecraft:enderman":1,"minecraft:cow":1},"minecraft:mined":{"minecraft:white_bed":6,"minecraft:oak_door":4,"minecraft:brewing_stand":1,"minecraft:cave_vines_plant":1,"minecraft:grass_block":8,"minecraft:cartography_table":1,"minecraft:moss_block":1,"minecraft:magma_block":1,"minecraft:furnace":2,"minecraft:carrots":16,"minecraft:iron_ore":21,"minecraft:andesite":16,"minecraft:potatoes":9,"minecraft:cave_vines":3,"minecraft:dirt_path":1,"minecraft:stripped_oak_log":8,"minecraft:white_banner":1,"minecraft:stone":268,"minecraft:podzol":1,"minecraft:dandelion":3,"minecraft:clay":4,"minecraft:crafting_table":8,"minecraft:torch":2,"minecraft:short_grass":102,"minecraft:chest":6,"minecraft:rose_bush":4,"minecraft:tall_grass":10,"minecraft:copper_ore":6,"minecraft:cobblestone":19,"minecraft:lapis_ore":6,"minecraft:sugar_cane":7,"minecraft:diorite":4,"minecraft:wall_torch":17,"minecraft:coarse_dirt":1,"minecraft:wheat":29,"minecraft:spruce_log":3,"minecraft:white_wall_banner":2,"minecraft:yellow_bed":2,"minecraft:oak_log":48,"minecraft:coal_ore":37,"minecraft:gravel":1,"minecraft:dirt":30,"minecraft:oak_leaves":12,"minecraft:fern":1},"minecraft:broken":{"minecraft:wooden_pickaxe":1,"minecraft:stone_pickaxe":1},"minecraft:dropped":{"minecraft:wheat_seeds":2,"minecraft:coal":14,"minecraft:rose_bush":3,"minecraft:dandelion":2,"minecraft:gravel":1,"minecraft:clay_ball":16,"minecraft:oak_planks":17,"minecraft:stripped_oak_log":1,"minecraft:white_bed":8,"minecraft:yellow_bed":4,"minecraft:oak_sapling":3,"minecraft:arrow":11,"minecraft:beef":1,"minecraft:stone_pickaxe":1},"minecraft:used":{"minecraft:stone_sword":122,"minecraft:chest":5,"minecraft:shield":11,"minecraft:rotten_flesh":5,"minecraft:oak_door":4,"minecraft:torch":23,"minecraft:dirt":6,"minecraft:beef":2,"minecraft:wheat_seeds":21,"minecraft:water_bucket":2,"minecraft:stone_pickaxe":226,"minecraft:wooden_pickaxe":89,"minecraft:sugar_cane":1,"minecraft:glow_berries":4,"minecraft:crafting_table":8,"minecraft:white_bed":2,"minecraft:spruce_log":3,"minecraft:bread":20,"minecraft:iron_pickaxe":130,"minecraft:stone_axe":59,"minecraft:cobblestone":66,"minecraft:white_banner":3,"minecraft:porkchop":1,"minecraft:bucket":3,"minecraft:oak_boat":3,"minecraft:dandelion":2,"minecraft:bone_meal":1},"minecraft:picked_up":{"minecraft:crafting_table":12,"minecraft:coarse_dirt":3,"minecraft:wheat":20,"minecraft:ominous_bottle":6,"minecraft:clay_ball":32,"minecraft:lead":8,"minecraft:wooden_pickaxe":2,"minecraft:brewing_stand":4,"minecraft:shield":2,"minecraft:raw_copper":170,"minecraft:cartography_table":4,"minecraft:beef":5,"minecraft:oak_boat":5,"minecraft:rose_bush":3,"minecraft:light_gray_wool":1,"minecraft:iron_pickaxe":3,"minecraft:sugar_cane":49,"minecraft:chest":13,"minecraft:furnace":8,"minecraft:raw_iron":35,"minecraft:stick":41,"minecraft:oak_door":19,"minecraft:torch":31,"minecraft:porkchop":898,"minecraft:diorite":12,"minecraft:carrot":49,"minecraft:stone_sword":8,"minecraft:arrow":57,"minecraft:rotten_flesh":10,"minecraft:glow_berries":5,"minecraft:mutton":1,"minecraft:cobblestone":956,"minecraft:stripped_oak_log":9,"minecraft:magma_block":3,"minecraft:andesite":48,"minecraft:leather":13,"minecraft:potato":34,"minecraft:oak_log":46,"minecraft:yellow_bed":4,"minecraft:lapis_lazuli":136,"minecraft:dirt":86,"minecraft:white_banner":9,"minecraft:bone":58,"minecraft:bow":3,"minecraft:wheat_seeds":240,"minecraft:stone_pickaxe":5,"minecraft:iron_ingot":10,"minecraft:moss_block":3,"minecraft:oak_planks":6,"minecraft:cooked_porkchop":1,"minecraft:dandelion":6,"minecraft:gravel":1,"minecraft:white_bed":10,"minecraft:spruce_log":3,"minecraft:stone_axe":5,"minecraft:bone_meal":2,"minecraft:bread":20,"minecraft:oak_sapling":7,"minecraft:coal":79}},"DataVersion":3955}