{"stats":{"minecraft:custom":{"minecraft:interact_with_furnace":14,"minecraft:mob_kills":17,"minecraft:interact_with_crafting_table":11,"minecraft:interact_with_cartography_table":1,"minecraft:leave_game":15,"minecraft:time_since_death":28000,"minecraft:sleep_in_bed":6,"minecraft:time_since_rest":4612,"minecraft:sprint_one_cm":218831,"minecraft:damage_taken":13567,"minecraft:walk_one_cm":619697,"minecraft:drop":38,"minecraft:damage_dealt":3591,"minecraft:swim_one_cm":42927,"minecraft:talked_to_villager":5,"minecraft:fly_one_cm":53646,"minecraft:open_chest":45,"minecraft:crouch_one_cm":909,"minecraft:play_time":158241,"minecraft:deaths":28,"minecraft:sneak_time":1195,"minecraft:walk_under_water_one_cm":25333,"minecraft:jump":1541,"minecraft:walk_on_water_one_cm":22061,"minecraft:total_world_time":158241,"minecraft:fall_one_cm":46446},"minecraft:killed_by":{"minecraft:player":10,"minecraft:skeleton":1,"minecraft:creeper":1,"minecraft:zombie":6,"minecraft:pillager":1,"minecraft:enderman":1},"minecraft:broken":{"minecraft:stone_pickaxe":1,"minecraft:wooden_pickaxe":1},"minecraft:used":{"minecraft:wheat_seeds":21,"minecraft:water_bucket":2,"minecraft:stone_sword":88,"minecraft:stone_pickaxe":226,"minecraft:chest":3,"minecraft:wooden_pickaxe":83,"minecraft:rotten_flesh":5,"minecraft:oak_door":4,"minecraft:torch":9,"minecraft:dirt":6,"minecraft:crafting_table":5,"minecraft:white_bed":1,"minecraft:spruce_log":3,"minecraft:bread":19,"minecraft:stone_axe":59,"minecraft:cobblestone":47,"minecraft:beef":2,"minecraft:white_banner":3,"minecraft:bucket":3,"minecraft:dandelion":2},"minecraft:killed":{"minecraft:pig":2,"minecraft:wandering_trader":1,"minecraft:skeleton":4,"minecraft:trader_llama":2,"minecraft:pillager":1,"minecraft:zombie":3,"minecraft:enderman":1,"minecraft:cow":1},"minecraft:mined":{"minecraft:podzol":1,"minecraft:white_bed":6,"minecraft:oak_door":4,"minecraft:dandelion":3,"minecraft:brewing_stand":1,"minecraft:clay":4,"minecraft:crafting_table":5,"minecraft:torch":2,"minecraft:short_grass":97,"minecraft:grass_block":8,"minecraft:chest":6,"minecraft:tall_grass":10,"minecraft:copper_ore":6,"minecraft:cobblestone":19,"minecraft:cartography_table":1,"minecraft:wall_torch":15,"minecraft:furnace":2,"minecraft:carrots":16,"minecraft:iron_ore":13,"minecraft:wheat":29,"minecraft:spruce_log":3,"minecraft:white_wall_banner":2,"minecraft:yellow_bed":2,"minecraft:potatoes":9,"minecraft:oak_log":48,"minecraft:coal_ore":37,"minecraft:dirt_path":1,"minecraft:gravel":1,"minecraft:dirt":25,"minecraft:stripped_oak_log":8,"minecraft:stone":190,"minecraft:white_banner":1,"minecraft:oak_leaves":8,"minecraft:fern":1},"minecraft:dropped":{"minecraft:gravel":1,"minecraft:wheat_seeds":2,"minecraft:clay_ball":16,"minecraft:oak_planks":17,"minecraft:stripped_oak_log":1,"minecraft:white_bed":8,"minecraft:coal":14,"minecraft:yellow_bed":4,"minecraft:oak_sapling":3,"minecraft:stone_pickaxe":1,"minecraft:beef":1,"minecraft:dandelion":2},"minecraft:picked_up":{"minecraft:stripped_oak_log":9,"minecraft:crafting_table":5,"minecraft:wheat":20,"minecraft:ominous_bottle":4,"minecraft:clay_ball":32,"minecraft:leather":7,"minecraft:lead":4,"minecraft:potato":34,"minecraft:oak_log":46,"minecraft:brewing_stand":2,"minecraft:yellow_bed":4,"minecraft:dirt":61,"minecraft:white_banner":7,"minecraft:raw_copper":119,"minecraft:bone":19,"minecraft:wheat_seeds":135,"minecraft:cartography_table":2,"minecraft:stone_pickaxe":5,"minecraft:beef":5,"minecraft:light_gray_wool":1,"minecraft:chest":6,"minecraft:furnace":2,"minecraft:stick":20,"minecraft:raw_iron":13,"minecraft:cooked_porkchop":1,"minecraft:oak_door":10,"minecraft:torch":17,"minecraft:dandelion":6,"minecraft:gravel":1,"minecraft:porkchop":898,"minecraft:white_bed":10,"minecraft:spruce_log":3,"minecraft:carrot":49,"minecraft:stone_sword":5,"minecraft:arrow":8,"minecraft:rotten_flesh":10,"minecraft:stone_axe":5,"minecraft:bone_meal":2,"minecraft:bread":20,"minecraft:oak_sapling":7,"minecraft:mutton":1,"minecraft:coal":51,"minecraft:cobblestone":661},"minecraft:crafted":{"minecraft:oak_planks":168,"minecraft:crafting_table":4,"minecraft:wooden_pickaxe":2,"minecraft:bucket":1,"minecraft:stone_axe":1,"minecraft:bread":6,"minecraft:stick":44,"minecraft:iron_ingot":13,"minecraft:iron_pickaxe":2,"minecraft:stone_pickaxe":3,"minecraft:stone_sword":3,"minecraft:torch":16}},"DataVersion":3955}