{"stats":{"minecraft:picked_up":{"minecraft:stick":16,"minecraft:crafting_table":1,"minecraft:ominous_bottle":3,"minecraft:cooked_porkchop":1,"minecraft:oak_door":9,"minecraft:leather":1,"minecraft:torch":1,"minecraft:porkchop":896,"minecraft:oak_log":20,"minecraft:spruce_log":3,"minecraft:dirt":25,"minecraft:bone":5,"minecraft:white_banner":4,"minecraft:raw_copper":85,"minecraft:stone_sword":4,"minecraft:arrow":2,"minecraft:stone_axe":4,"minecraft:wheat_seeds":2,"minecraft:stone_pickaxe":4,"minecraft:beef":3,"minecraft:light_gray_wool":1,"minecraft:oak_sapling":1,"minecraft:mutton":1,"minecraft:coal":1,"minecraft:cobblestone":445},"minecraft:used":{"minecraft:stone_sword":16,"minecraft:stone_pickaxe":54,"minecraft:wooden_pickaxe":59,"minecraft:oak_door":4,"minecraft:stone_axe":4,"minecraft:torch":5,"minecraft:cobblestone":20,"minecraft:crafting_table":2,"minecraft:white_banner":1,"minecraft:spruce_log":3},"minecraft:custom":{"minecraft:time_since_rest":2280,"minecraft:sprint_one_cm":78012,"minecraft:damage_taken":11103,"minecraft:walk_one_cm":214328,"minecraft:mob_kills":4,"minecraft:drop":17,"minecraft:damage_dealt":1190,"minecraft:swim_one_cm":39161,"minecraft:interact_with_crafting_table":3,"minecraft:fly_one_cm":29030,"minecraft:crouch_one_cm":12,"minecraft:play_time":61755,"minecraft:deaths":22,"minecraft:sneak_time":230,"minecraft:walk_under_water_one_cm":11865,"minecraft:jump":596,"minecraft:leave_game":14,"minecraft:walk_on_water_one_cm":4903,"minecraft:time_since_death":2240,"minecraft:total_world_time":61755,"minecraft:fall_one_cm":31242},"minecraft:crafted":{"minecraft:oak_planks":32,"minecraft:crafting_table":1,"minecraft:stick":16,"minecraft:wooden_pickaxe":1,"minecraft:stone_pickaxe":1,"minecraft:stone_sword":1,"minecraft:torch":4,"minecraft:stone_axe":1},"minecraft:mined":{"minecraft:podzol":1,"minecraft:oak_door":4,"minecraft:spruce_log":3,"minecraft:crafting_table":1,"minecraft:short_grass":15,"minecraft:coal_ore":1,"minecraft:oak_log":22,"minecraft:dirt":22,"minecraft:copper_ore":6,"minecraft:tall_grass":7,"minecraft:cobblestone":3,"minecraft:white_banner":1,"minecraft:stone":103,"minecraft:wall_torch":1,"minecraft:oak_leaves":6,"minecraft:fern":1},"minecraft:dropped":{"minecraft:oak_planks":17,"minecraft:beef":1},"minecraft:broken":{"minecraft:wooden_pickaxe":1},"minecraft:killed":{"minecraft:skeleton":2,"minecraft:pillager":1,"minecraft:pig":1},"minecraft:killed_by":{"minecraft:player":10,"minecraft:skeleton":1,"minecraft:creeper":1,"minecraft:zombie":2,"minecraft:pillager":1}},"DataVersion":3955}