{"stats":{"minecraft:custom":{"minecraft:mob_kills":41,"minecraft:interact_with_crafting_table":26,"minecraft:bell_ring":13,"minecraft:leave_game":16,"minecraft:time_since_death":97485,"minecraft:climb_one_cm":533,"minecraft:sprint_one_cm":390347,"minecraft:walk_one_cm":1049514,"minecraft:damage_blocked_by_shield":388,"minecraft:drop":66,"minecraft:talked_to_villager":6,"minecraft:play_time":278311,"minecraft:deaths":31,"minecraft:sneak_time":5908,"minecraft:walk_under_water_one_cm":29072,"minecraft:boat_one_cm":82062,"minecraft:jump":2766,"minecraft:walk_on_water_one_cm":34630,"minecraft:total_world_time":278311,"minecraft:interact_with_furnace":37,"minecraft:interact_with_cartography_table":3,"minecraft:sleep_in_bed":16,"minecraft:time_since_rest":2222,"minecraft:damage_taken":15192,"minecraft:damage_dealt":7169,"minecraft:swim_one_cm":49537,"minecraft:fly_one_cm":80777,"minecraft:open_chest":68,"minecraft:crouch_one_cm":7551,"minecraft:fall_one_cm":60543},"minecraft:killed_by":{"minecraft:player":10,"minecraft:creeper":1,"minecraft:pillager":1,"minecraft:enderman":1,"minecraft:skeleton":4,"minecraft:zombie":6},"minecraft:crafted":{"minecraft:oak_door":3,"minecraft:oak_planks":256,"minecraft:cooked_mutton":11,"minecraft:iron_boots":1,"minecraft:stone_pickaxe":3,"minecraft:yellow_banner":1,"minecraft:wheat":144,"minecraft:crafting_table":4,"minecraft:wooden_pickaxe":2,"minecraft:copper_ingot":3,"minecraft:leather_helmet":1,"minecraft:bucket":1,"minecraft:stone_axe":2,"minecraft:bread":54,"minecraft:oak_boat":1,"minecraft:iron_chestplate":1,"minecraft:shield":1,"minecraft:stick":92,"minecraft:iron_ingot":25,"minecraft:iron_pickaxe":2,"minecraft:stone_sword":4,"minecraft:torch":40},"minecraft:killed":{"minecraft:spider":1,"minecraft:skeleton":10,"minecraft:pig":2,"minecraft:wandering_trader":1,"minecraft:sheep":7,"minecraft:trader_llama":2,"minecraft:pillager":1,"minecraft:zombie":6,"minecraft:enderman":2,"minecraft:cow":6},"minecraft:mined":{"minecraft:white_bed":11,"minecraft:oak_door":4,"minecraft:brewing_stand":1,"minecraft:cave_vines_plant":1,"minecraft:granite":1,"minecraft:grass_block":11,"minecraft:cartography_table":1,"minecraft:moss_block":1,"minecraft:oxeye_daisy":1,"minecraft:spawner":1,"minecraft:hay_block":16,"minecraft:magma_block":1,"minecraft:furnace":12,"minecraft:carrots":16,"minecraft:iron_ore":25,"minecraft:andesite":18,"minecraft:potatoes":9,"minecraft:cave_vines":5,"minecraft:dirt_path":1,"minecraft:stripped_oak_log":24,"minecraft:white_banner":1,"minecraft:stone":290,"minecraft:podzol":1,"minecraft:yellow_banner":1,"minecraft:dandelion":4,"minecraft:clay":4,"minecraft:crafting_table":9,"minecraft:torch":16,"minecraft:short_grass":133,"minecraft:poppy":1,"minecraft:chest":8,"minecraft:rose_bush":6,"minecraft:tall_grass":14,"minecraft:copper_ore":6,"minecraft:cobblestone":20,"minecraft:lapis_ore":6,"minecraft:sugar_cane":7,"minecraft:diorite":4,"minecraft:wall_torch":29,"minecraft:coarse_dirt":1,"minecraft:yellow_wool":6,"minecraft:wheat":29,"minecraft:spruce_log":3,"minecraft:white_wall_banner":3,"minecraft:yellow_bed":3,"minecraft:oak_log":54,"minecraft:coal_ore":40,"minecraft:gravel":9,"minecraft:dirt":34,"minecraft:oak_leaves":19,"minecraft:fern":1},"minecraft:broken":{"minecraft:stone_sword":1,"minecraft:wooden_pickaxe":1,"minecraft:stone_pickaxe":1},"minecraft:dropped":{"minecraft:wheat_seeds":58,"minecraft:lapis_lazuli":34,"minecraft:crafting_table":1,"minecraft:grass_block":1,"minecraft:coal":14,"minecraft:stick":1,"minecraft:oxeye_daisy":1,"minecraft:lava_bucket":1,"minecraft:rose_bush":5,"minecraft:paper":3,"minecraft:string":5,"minecraft:white_wool":2,"minecraft:dandelion":3,"minecraft:gravel":11,"minecraft:clay_ball":16,"minecraft:oak_planks":17,"minecraft:stripped_oak_log":1,"minecraft:cooked_mutton":1,"minecraft:white_bed":8,"minecraft:filled_map":1,"minecraft:poppy":1,"minecraft:gunpowder":5,"minecraft:andesite":2,"minecraft:yellow_bed":4,"minecraft:oak_sapling":3,"minecraft:bow":1,"minecraft:arrow":27,"minecraft:beef":1,"minecraft:stone_pickaxe":1,"minecraft:black_wool":1},"minecraft:used":{"minecraft:stone_sword":236,"minecraft:chest":6,"minecraft:shield":15,"minecraft:rotten_flesh":5,"minecraft:oak_door":4,"minecraft:torch":69,"minecraft:dirt":11,"minecraft:filled_map":1,"minecraft:beef":4,"minecraft:furnace":10,"minecraft:cooked_beef":3,"minecraft:wheat_seeds":21,"minecraft:cooked_mutton":5,"minecraft:yellow_banner":2,"minecraft:water_bucket":11,"minecraft:stone_pickaxe":226,"minecraft:wooden_pickaxe":89,"minecraft:sugar_cane":1,"minecraft:white_wool":2,"minecraft:glow_berries":5,"minecraft:crafting_table":10,"minecraft:white_bed":7,"minecraft:spruce_log":3,"minecraft:bread":27,"minecraft:map":2,"minecraft:iron_pickaxe":186,"minecraft:stone_axe":85,"minecraft:cobblestone":178,"minecraft:white_banner":4,"minecraft:porkchop":1,"minecraft:bucket":14,"minecraft:oak_boat":6,"minecraft:dandelion":2,"minecraft:bone_meal":1},"minecraft:picked_up":{"minecraft:crafting_table":15,"minecraft:coarse_dirt":4,"minecraft:wheat":69,"minecraft:ominous_bottle":7,"minecraft:clay_ball":32,"minecraft:yellow_wool":6,"minecraft:lead":10,"minecraft:wooden_pickaxe":3,"minecraft:enchanted_book":2,"minecraft:brewing_stand":5,"minecraft:shield":2,"minecraft:string":6,"minecraft:raw_copper":187,"minecraft:cartography_table":7,"minecraft:bucket":2,"minecraft:beef":16,"minecraft:oak_boat":8,"minecraft:rose_bush":5,"minecraft:poppy":1,"minecraft:light_gray_wool":1,"minecraft:iron_pickaxe":3,"minecraft:sugar_cane":65,"minecraft:chest":16,"minecraft:furnace":18,"minecraft:raw_iron":39,"minecraft:stick":48,"minecraft:oak_door":22,"minecraft:torch":60,"minecraft:porkchop":898,"minecraft:diorite":16,"minecraft:carrot":49,"minecraft:yellow_banner":1,"minecraft:stone_sword":8,"minecraft:arrow":89,"minecraft:rotten_flesh":10,"minecraft:hay_block":16,"minecraft:glow_berries":6,"minecraft:mutton":12,"minecraft:white_wool":6,"minecraft:cobblestone":1073,"minecraft:oxeye_daisy":1,"minecraft:stripped_oak_log":25,"minecraft:magma_block":4,"minecraft:cooked_beef":3,"minecraft:andesite":66,"minecraft:leather":18,"minecraft:potato":34,"minecraft:flint":1,"minecraft:oak_log":52,"minecraft:yellow_bed":5,"minecraft:gunpowder":5,"minecraft:lapis_lazuli":204,"minecraft:dirt":101,"minecraft:white_banner":11,"minecraft:cooked_mutton":1,"minecraft:bone":83,"minecraft:bow":4,"minecraft:wheat_seeds":297,"minecraft:stone_pickaxe":5,"minecraft:iron_ingot":10,"minecraft:moss_block":4,"minecraft:oak_planks":6,"minecraft:cooked_porkchop":1,"minecraft:dandelion":7,"minecraft:lava_bucket":1,"minecraft:gravel":17,"minecraft:grass_block":1,"minecraft:white_bed":15,"minecraft:spruce_log":3,"minecraft:yellow_carpet":1,"minecraft:stone_axe":5,"minecraft:granite":1,"minecraft:bone_meal":2,"minecraft:golden_apple":1,"minecraft:bread":22,"minecraft:black_wool":1,"minecraft:oak_sapling":7,"minecraft:coal":81}},"DataVersion":3955}