{"stats":{"minecraft:picked_up":{"minecraft:crafting_table":1,"minecraft:wheat":8,"minecraft:ominous_bottle":4,"minecraft:leather":1,"minecraft:potato":17,"minecraft:oak_log":20,"minecraft:brewing_stand":1,"minecraft:yellow_bed":2,"minecraft:dirt":26,"minecraft:white_banner":5,"minecraft:raw_copper":102,"minecraft:bone":8,"minecraft:wheat_seeds":34,"minecraft:cartography_table":1,"minecraft:beef":3,"minecraft:stone_pickaxe":5,"minecraft:light_gray_wool":1,"minecraft:chest":3,"minecraft:stick":16,"minecraft:cooked_porkchop":1,"minecraft:oak_door":10,"minecraft:torch":1,"minecraft:dandelion":1,"minecraft:porkchop":897,"minecraft:white_bed":4,"minecraft:carrot":25,"minecraft:spruce_log":3,"minecraft:stone_sword":5,"minecraft:arrow":3,"minecraft:rotten_flesh":4,"minecraft:stone_axe":5,"minecraft:bread":14,"minecraft:oak_sapling":1,"minecraft:mutton":1,"minecraft:coal":1,"minecraft:cobblestone":530},"minecraft:used":{"minecraft:stone_sword":24,"minecraft:stone_pickaxe":58,"minecraft:wooden_pickaxe":59,"minecraft:rotten_flesh":3,"minecraft:oak_door":4,"minecraft:torch":5,"minecraft:crafting_table":2,"minecraft:spruce_log":3,"minecraft:bread":2,"minecraft:stone_axe":39,"minecraft:cobblestone":24,"minecraft:white_banner":1},"minecraft:custom":{"minecraft:mob_kills":7,"minecraft:interact_with_cartography_table":1,"minecraft:interact_with_crafting_table":3,"minecraft:leave_game":14,"minecraft:time_since_death":11524,"minecraft:time_since_rest":11546,"minecraft:sprint_one_cm":96549,"minecraft:damage_taken":11358,"minecraft:walk_one_cm":273261,"minecraft:drop":17,"minecraft:damage_dealt":1687,"minecraft:swim_one_cm":40284,"minecraft:fly_one_cm":31970,"minecraft:open_chest":3,"minecraft:crouch_one_cm":651,"minecraft:play_time":73755,"minecraft:deaths":23,"minecraft:sneak_time":666,"minecraft:walk_under_water_one_cm":14442,"minecraft:jump":734,"minecraft:walk_on_water_one_cm":7407,"minecraft:total_world_time":73755,"minecraft:fall_one_cm":34254},"minecraft:crafted":{"minecraft:oak_planks":32,"minecraft:crafting_table":1,"minecraft:wooden_pickaxe":1,"minecraft:stone_axe":1,"minecraft:stick":16,"minecraft:stone_pickaxe":1,"minecraft:stone_sword":1,"minecraft:torch":4},"minecraft:mined":{"minecraft:podzol":1,"minecraft:white_bed":4,"minecraft:oak_door":4,"minecraft:brewing_stand":1,"minecraft:crafting_table":1,"minecraft:short_grass":16,"minecraft:chest":3,"minecraft:cobblestone":3,"minecraft:tall_grass":7,"minecraft:copper_ore":6,"minecraft:cartography_table":1,"minecraft:wall_torch":1,"minecraft:carrots":8,"minecraft:wheat":15,"minecraft:spruce_log":3,"minecraft:yellow_bed":2,"minecraft:potatoes":4,"minecraft:oak_log":22,"minecraft:coal_ore":1,"minecraft:dirt":22,"minecraft:stone":103,"minecraft:white_banner":1,"minecraft:oak_leaves":6,"minecraft:fern":1},"minecraft:dropped":{"minecraft:oak_planks":17,"minecraft:beef":1},"minecraft:broken":{"minecraft:wooden_pickaxe":1},"minecraft:killed":{"minecraft:pig":2,"minecraft:skeleton":2,"minecraft:pillager":1,"minecraft:zombie":2},"minecraft:killed_by":{"minecraft:player":10,"minecraft:skeleton":1,"minecraft:creeper":1,"minecraft:zombie":3,"minecraft:pillager":1}},"DataVersion":3955}