{"stats":{"minecraft:killed":{"minecraft:spider":3,"minecraft:skeleton":15,"minecraft:chicken":5,"minecraft:pig":7,"minecraft:iron_golem":1,"minecraft:wandering_trader":1,"minecraft:sheep":27,"minecraft:trader_llama":2,"minecraft:pillager":1,"minecraft:zombie":21,"minecraft:villager":1,"minecraft:enderman":2,"minecraft:cow":18},"minecraft:picked_up":{"minecraft:crafting_table":28,"minecraft:coarse_dirt":4,"minecraft:wheat":90,"minecraft:ominous_bottle":7,"minecraft:chicken":5,"minecraft:clay_ball":32,"minecraft:yellow_wool":6,"minecraft:lead":10,"minecraft:wooden_pickaxe":3,"minecraft:enchanted_book":2,"minecraft:brewing_stand":6,"minecraft:shield":2,"minecraft:string":10,"minecraft:raw_copper":187,"minecraft:cartography_table":11,"minecraft:bucket":2,"minecraft:beef":45,"minecraft:oak_boat":10,"minecraft:rose_bush":5,"minecraft:light_gray_wool":2,"minecraft:poppy":1,"minecraft:iron_pickaxe":4,"minecraft:sugar_cane":151,"minecraft:chest":17,"minecraft:furnace":18,"minecraft:egg":2,"minecraft:stick":95,"minecraft:raw_iron":52,"minecraft:oak_door":22,"minecraft:composter":1,"minecraft:torch":72,"minecraft:porkchop":907,"minecraft:diorite":16,"minecraft:carrot":66,"minecraft:yellow_banner":3,"minecraft:stone_sword":8,"minecraft:arrow":99,"minecraft:rotten_flesh":30,"minecraft:peony":1,"minecraft:hay_block":16,"minecraft:glow_berries":6,"minecraft:mutton":43,"minecraft:white_wool":24,"minecraft:cobblestone":1176,"minecraft:oxeye_daisy":1,"minecraft:stripped_oak_log":25,"minecraft:magma_block":4,"minecraft:feather":6,"minecraft:cooked_beef":3,"minecraft:andesite":66,"minecraft:brown_wool":1,"minecraft:leather":31,"minecraft:potato":55,"minecraft:filled_map":2,"minecraft:flint":1,"minecraft:oak_log":160,"minecraft:yellow_bed":5,"minecraft:gunpowder":5,"minecraft:lapis_lazuli":204,"minecraft:paper":10,"minecraft:dirt":171,"minecraft:white_banner":11,"minecraft:cooked_mutton":1,"minecraft:bone":93,"minecraft:apple":3,"minecraft:bow":5,"minecraft:wheat_seeds":396,"minecraft:iron_ingot":13,"minecraft:stone_pickaxe":6,"minecraft:moss_block":4,"minecraft:oak_planks":8,"minecraft:cooked_porkchop":1,"minecraft:pumpkin":5,"minecraft:sweet_berries":53,"minecraft:dandelion":8,"minecraft:gravel":28,"minecraft:lava_bucket":1,"minecraft:sand":4,"minecraft:grass_block":1,"minecraft:white_bed":19,"minecraft:spruce_log":3,"minecraft:yellow_carpet":1,"minecraft:stone_axe":8,"minecraft:granite":1,"minecraft:bone_meal":2,"minecraft:golden_apple":1,"minecraft:bread":22,"minecraft:emerald":1,"minecraft:oak_sapling":20,"minecraft:black_wool":2,"minecraft:coal":188},"minecraft:broken":{"minecraft:stone_sword":1,"minecraft:wooden_pickaxe":2,"minecraft:stone_pickaxe":1,"minecraft:stone_axe":1,"minecraft:iron_pickaxe":1},"minecraft:custom":{"minecraft:mob_kills":108,"minecraft:interact_with_crafting_table":68,"minecraft:bell_ring":13,"minecraft:leave_game":28,"minecraft:time_since_death":19449,"minecraft:climb_one_cm":533,"minecraft:sprint_one_cm":1020199,"minecraft:walk_one_cm":1757740,"minecraft:damage_blocked_by_shield":623,"minecraft:drop":84,"minecraft:talked_to_villager":20,"minecraft:play_time":471012,"minecraft:deaths":42,"minecraft:sneak_time":8329,"minecraft:walk_under_water_one_cm":65266,"minecraft:boat_one_cm":84949,"minecraft:interact_with_brewingstand":1,"minecraft:jump":5392,"minecraft:walk_on_water_one_cm":94431,"minecraft:total_world_time":471012,"minecraft:interact_with_furnace":37,"minecraft:interact_with_cartography_table":3,"minecraft:sleep_in_bed":24,"minecraft:time_since_rest":19576,"minecraft:damage_taken":19643,"minecraft:damage_dealt":15942,"minecraft:swim_one_cm":74212,"minecraft:fly_one_cm":234526,"minecraft:open_chest":110,"minecraft:crouch_one_cm":8702,"minecraft:fall_one_cm":121097,"minecraft:horse_one_cm":4273},"minecraft:dropped":{"minecraft:wheat_seeds":100,"minecraft:lapis_lazuli":34,"minecraft:crafting_table":1,"minecraft:grass_block":1,"minecraft:coal":14,"minecraft:stick":1,"minecraft:oxeye_daisy":1,"minecraft:lava_bucket":1,"minecraft:wooden_axe":1,"minecraft:rose_bush":5,"minecraft:paper":13,"minecraft:string":5,"minecraft:white_wool":2,"minecraft:dandelion":3,"minecraft:bone":2,"minecraft:gravel":16,"minecraft:rotten_flesh":2,"minecraft:clay_ball":16,"minecraft:oak_planks":17,"minecraft:stripped_oak_log":1,"minecraft:cooked_mutton":1,"minecraft:white_bed":8,"minecraft:filled_map":2,"minecraft:poppy":1,"minecraft:gunpowder":5,"minecraft:andesite":2,"minecraft:yellow_bed":4,"minecraft:oak_sapling":5,"minecraft:bow":1,"minecraft:arrow":29,"minecraft:beef":1,"minecraft:stone_pickaxe":1,"minecraft:wooden_pickaxe":1,"minecraft:black_wool":1,"minecraft:egg":1},"minecraft:used":{"minecraft:peony":1,"minecraft:stone_sword":328,"minecraft:chest":8,"minecraft:shield":25,"minecraft:rotten_flesh":13,"minecraft:oak_door":4,"minecraft:torch":168,"minecraft:brewing_stand":1,"minecraft:dirt":23,"minecraft:mutton":16,"minecraft:carrot":8,"minecraft:wooden_axe":48,"minecraft:filled_map":1,"minecraft:beef":16,"minecraft:sweet_berries":19,"minecraft:oak_sapling":6,"minecraft:furnace":10,"minecraft:cooked_beef":3,"minecraft:potato":10,"minecraft:wheat_seeds":42,"minecraft:cooked_mutton":5,"minecraft:yellow_banner":3,"minecraft:water_bucket":11,"minecraft:stone_pickaxe":297,"minecraft:oak_planks":2,"minecraft:cartography_table":3,"minecraft:wooden_pickaxe":178,"minecraft:sugar_cane":2,"minecraft:white_wool":2,"minecraft:glow_berries":5,"minecraft:crafting_table":19,"minecraft:white_bed":10,"minecraft:spruce_log":3,"minecraft:apple":2,"minecraft:chicken":1,"minecraft:iron_pickaxe":232,"minecraft:bread":39,"minecraft:map":2,"minecraft:gravel":1,"minecraft:stone_axe":248,"minecraft:cobblestone":188,"minecraft:white_banner":4,"minecraft:porkchop":4,"minecraft:bucket":14,"minecraft:oak_boat":8,"minecraft:dandelion":2,"minecraft:bone_meal":1},"minecraft:crafted":{"minecraft:oak_door":3,"minecraft:oak_planks":568,"minecraft:cooked_mutton":11,"minecraft:iron_boots":1,"minecraft:stone_pickaxe":7,"minecraft:filled_map":4,"minecraft:yellow_banner":1,"minecraft:wheat":144,"minecraft:crafting_table":6,"minecraft:wooden_pickaxe":6,"minecraft:copper_ingot":3,"minecraft:leather_helmet":1,"minecraft:bucket":1,"minecraft:stone_axe":6,"minecraft:bread":56,"minecraft:oak_boat":2,"minecraft:iron_chestplate":1,"minecraft:paper":39,"minecraft:shield":1,"minecraft:stick":152,"minecraft:iron_ingot":28,"minecraft:iron_pickaxe":2,"minecraft:wooden_axe":2,"minecraft:stone_sword":5,"minecraft:torch":124},"minecraft:mined":{"minecraft:white_bed":15,"minecraft:yellow_wall_banner":2,"minecraft:oak_door":4,"minecraft:brewing_stand":2,"minecraft:cave_vines_plant":1,"minecraft:granite":1,"minecraft:grass_block":22,"minecraft:spruce_leaves":11,"minecraft:composter":1,"minecraft:moss_block":1,"minecraft:cartography_table":5,"minecraft:oxeye_daisy":1,"minecraft:spawner":1,"minecraft:large_fern":1,"minecraft:hay_block":16,"minecraft:magma_block":1,"minecraft:furnace":12,"minecraft:carrots":21,"minecraft:iron_ore":34,"minecraft:andesite":18,"minecraft:pumpkin":5,"minecraft:peony":1,"minecraft:potatoes":16,"minecraft:cave_vines":5,"minecraft:dirt_path":1,"minecraft:stripped_oak_log":24,"minecraft:stone":372,"minecraft:white_banner":1,"minecraft:white_wool":1,"minecraft:podzol":1,"minecraft:yellow_banner":1,"minecraft:dandelion":5,"minecraft:clay":4,"minecraft:crafting_table":21,"minecraft:torch":23,"minecraft:short_grass":211,"minecraft:emerald_ore":1,"minecraft:poppy":2,"minecraft:dead_bush":3,"minecraft:chest":9,"minecraft:rose_bush":6,"minecraft:copper_ore":6,"minecraft:tall_grass":27,"minecraft:cobblestone":33,"minecraft:lapis_ore":6,"minecraft:oak_planks":2,"minecraft:sugar_cane":48,"minecraft:diorite":4,"minecraft:wall_torch":33,"minecraft:coarse_dirt":1,"minecraft:sweet_berry_bush":20,"minecraft:yellow_wool":6,"minecraft:wheat":52,"minecraft:spruce_log":3,"minecraft:white_wall_banner":3,"minecraft:yellow_bed":3,"minecraft:oak_log":160,"minecraft:coal_ore":120,"minecraft:gravel":9,"minecraft:dirt":44,"minecraft:sand":2,"minecraft:oak_leaves":91,"minecraft:fern":3},"minecraft:killed_by":{"minecraft:player":10,"minecraft:creeper":2,"minecraft:pillager":1,"minecraft:enderman":2,"minecraft:skeleton":5,"minecraft:zombie":8}},"DataVersion":3955}