{"stats":{"minecraft:custom":{"minecraft:mob_kills":33,"minecraft:interact_with_crafting_table":15,"minecraft:leave_game":16,"minecraft:time_since_death":49485,"minecraft:climb_one_cm":533,"minecraft:sprint_one_cm":344865,"minecraft:walk_one_cm":885631,"minecraft:damage_blocked_by_shield":335,"minecraft:drop":54,"minecraft:talked_to_villager":5,"minecraft:play_time":230311,"minecraft:deaths":31,"minecraft:sneak_time":3710,"minecraft:walk_under_water_one_cm":26346,"minecraft:boat_one_cm":22208,"minecraft:jump":2361,"minecraft:walk_on_water_one_cm":27251,"minecraft:total_world_time":230311,"minecraft:interact_with_furnace":29,"minecraft:interact_with_cartography_table":1,"minecraft:sleep_in_bed":9,"minecraft:time_since_rest":21423,"minecraft:damage_taken":14822,"minecraft:damage_dealt":5861,"minecraft:swim_one_cm":46024,"minecraft:fly_one_cm":72819,"minecraft:open_chest":62,"minecraft:crouch_one_cm":5052,"minecraft:fall_one_cm":51379},"minecraft:killed_by":{"minecraft:player":10,"minecraft:creeper":1,"minecraft:pillager":1,"minecraft:enderman":1,"minecraft:skeleton":4,"minecraft:zombie":6},"minecraft:crafted":{"minecraft:oak_door":3,"minecraft:oak_planks":168,"minecraft:cooked_mutton":5,"minecraft:stone_pickaxe":3,"minecraft:crafting_table":4,"minecraft:wooden_pickaxe":2,"minecraft:bucket":1,"minecraft:stone_axe":1,"minecraft:bread":6,"minecraft:oak_boat":1,"minecraft:shield":1,"minecraft:stick":44,"minecraft:iron_ingot":21,"minecraft:iron_pickaxe":2,"minecraft:stone_sword":3,"minecraft:torch":24},"minecraft:killed":{"minecraft:skeleton":10,"minecraft:pig":2,"minecraft:wandering_trader":1,"minecraft:sheep":4,"minecraft:trader_llama":2,"minecraft:pillager":1,"minecraft:zombie":5,"minecraft:enderman":2,"minecraft:cow":3},"minecraft:mined":{"minecraft:white_bed":9,"minecraft:oak_door":4,"minecraft:brewing_stand":1,"minecraft:cave_vines_plant":1,"minecraft:granite":1,"minecraft:grass_block":9,"minecraft:cartography_table":1,"minecraft:moss_block":1,"minecraft:oxeye_daisy":1,"minecraft:spawner":1,"minecraft:magma_block":1,"minecraft:furnace":10,"minecraft:carrots":16,"minecraft:iron_ore":21,"minecraft:andesite":18,"minecraft:potatoes":9,"minecraft:cave_vines":5,"minecraft:dirt_path":1,"minecraft:stripped_oak_log":8,"minecraft:white_banner":1,"minecraft:stone":284,"minecraft:podzol":1,"minecraft:dandelion":4,"minecraft:clay":4,"minecraft:crafting_table":8,"minecraft:torch":15,"minecraft:short_grass":121,"minecraft:chest":8,"minecraft:rose_bush":6,"minecraft:tall_grass":10,"minecraft:copper_ore":6,"minecraft:cobblestone":20,"minecraft:lapis_ore":6,"minecraft:sugar_cane":7,"minecraft:diorite":4,"minecraft:wall_torch":29,"minecraft:coarse_dirt":1,"minecraft:wheat":29,"minecraft:spruce_log":3,"minecraft:white_wall_banner":2,"minecraft:yellow_bed":2,"minecraft:oak_log":48,"minecraft:coal_ore":40,"minecraft:gravel":9,"minecraft:dirt":33,"minecraft:oak_leaves":18,"minecraft:fern":1},"minecraft:broken":{"minecraft:wooden_pickaxe":1,"minecraft:stone_pickaxe":1},"minecraft:dropped":{"minecraft:wheat_seeds":56,"minecraft:grass_block":1,"minecraft:coal":14,"minecraft:oxeye_daisy":1,"minecraft:lava_bucket":1,"minecraft:rose_bush":5,"minecraft:string":5,"minecraft:white_wool":2,"minecraft:dandelion":2,"minecraft:gravel":8,"minecraft:clay_ball":16,"minecraft:oak_planks":17,"minecraft:stripped_oak_log":1,"minecraft:cooked_mutton":1,"minecraft:white_bed":8,"minecraft:gunpowder":5,"minecraft:andesite":2,"minecraft:yellow_bed":4,"minecraft:oak_sapling":3,"minecraft:bow":1,"minecraft:arrow":11,"minecraft:beef":1,"minecraft:stone_pickaxe":1},"minecraft:used":{"minecraft:stone_sword":176,"minecraft:chest":5,"minecraft:shield":13,"minecraft:rotten_flesh":5,"minecraft:oak_door":4,"minecraft:torch":43,"minecraft:dirt":6,"minecraft:beef":4,"minecraft:furnace":8,"minecraft:cooked_beef":1,"minecraft:wheat_seeds":21,"minecraft:cooked_mutton":5,"minecraft:water_bucket":3,"minecraft:stone_pickaxe":226,"minecraft:wooden_pickaxe":89,"minecraft:sugar_cane":1,"minecraft:white_wool":2,"minecraft:glow_berries":5,"minecraft:crafting_table":8,"minecraft:white_bed":4,"minecraft:spruce_log":3,"minecraft:bread":22,"minecraft:iron_pickaxe":171,"minecraft:stone_axe":59,"minecraft:cobblestone":146,"minecraft:white_banner":3,"minecraft:porkchop":1,"minecraft:bucket":6,"minecraft:oak_boat":4,"minecraft:dandelion":2,"minecraft:bone_meal":1},"minecraft:picked_up":{"minecraft:crafting_table":14,"minecraft:coarse_dirt":4,"minecraft:wheat":20,"minecraft:ominous_bottle":7,"minecraft:clay_ball":32,"minecraft:lead":10,"minecraft:wooden_pickaxe":3,"minecraft:enchanted_book":2,"minecraft:brewing_stand":5,"minecraft:shield":2,"minecraft:string":5,"minecraft:raw_copper":187,"minecraft:cartography_table":5,"minecraft:bucket":2,"minecraft:beef":10,"minecraft:oak_boat":7,"minecraft:rose_bush":5,"minecraft:light_gray_wool":1,"minecraft:iron_pickaxe":3,"minecraft:sugar_cane":65,"minecraft:chest":16,"minecraft:furnace":16,"minecraft:raw_iron":35,"minecraft:stick":48,"minecraft:oak_door":22,"minecraft:torch":57,"minecraft:porkchop":898,"minecraft:diorite":16,"minecraft:carrot":49,"minecraft:stone_sword":8,"minecraft:arrow":73,"minecraft:rotten_flesh":10,"minecraft:glow_berries":6,"minecraft:mutton":6,"minecraft:white_wool":4,"minecraft:cobblestone":1067,"minecraft:oxeye_daisy":1,"minecraft:stripped_oak_log":9,"minecraft:magma_block":4,"minecraft:cooked_beef":3,"minecraft:andesite":66,"minecraft:leather":16,"minecraft:potato":34,"minecraft:oak_log":46,"minecraft:yellow_bed":4,"minecraft:gunpowder":5,"minecraft:lapis_lazuli":170,"minecraft:dirt":100,"minecraft:white_banner":10,"minecraft:cooked_mutton":1,"minecraft:bone":83,"minecraft:bow":4,"minecraft:wheat_seeds":295,"minecraft:stone_pickaxe":5,"minecraft:iron_ingot":10,"minecraft:moss_block":4,"minecraft:oak_planks":6,"minecraft:cooked_porkchop":1,"minecraft:dandelion":6,"minecraft:lava_bucket":1,"minecraft:gravel":10,"minecraft:grass_block":1,"minecraft:white_bed":13,"minecraft:spruce_log":3,"minecraft:stone_axe":5,"minecraft:granite":1,"minecraft:bone_meal":2,"minecraft:golden_apple":1,"minecraft:bread":22,"minecraft:oak_sapling":7,"minecraft:coal":81}},"DataVersion":3955}