{"stats":{"minecraft:dropped":{"minecraft:beef":1},"minecraft:used":{"minecraft:spruce_log":3},"minecraft:killed":{"minecraft:pig":1},"minecraft:mined":{"minecraft:podzol":1,"minecraft:short_grass":6,"minecraft:oak_log":2,"minecraft:dirt":22,"minecraft:tall_grass":6,"minecraft:spruce_log":3,"minecraft:fern":1},"minecraft:killed_by":{"minecraft:player":10},"minecraft:picked_up":{"minecraft:cooked_porkchop":1,"minecraft:leather":1,"minecraft:beef":3,"minecraft:porkchop":896,"minecraft:light_gray_wool":1,"minecraft:spruce_log":3,"minecraft:mutton":1,"minecraft:dirt":22},"minecraft:custom":{"minecraft:time_since_rest":158,"minecraft:crouch_one_cm":12,"minecraft:damage_taken":9599,"minecraft:play_time":28348,"minecraft:sprint_one_cm":50031,"minecraft:walk_one_cm":121413,"minecraft:deaths":17,"minecraft:sneak_time":187,"minecraft:walk_under_water_one_cm":6024,"minecraft:mob_kills":1,"minecraft:drop":1,"minecraft:jump":364,"minecraft:damage_dealt":140,"minecraft:leave_game":12,"minecraft:time_since_death":125,"minecraft:walk_on_water_one_cm":3673,"minecraft:total_world_time":28348,"minecraft:swim_one_cm":20772,"minecraft:fly_one_cm":22124,"minecraft:fall_one_cm":25100}},"DataVersion":3955}