{"stats":{"minecraft:dropped":{"minecraft:wheat_seeds":2,"minecraft:oak_planks":17,"minecraft:white_bed":5,"minecraft:yellow_bed":2,"minecraft:beef":1},"minecraft:broken":{"minecraft:wooden_pickaxe":1},"minecraft:crafted":{"minecraft:oak_planks":136,"minecraft:crafting_table":3,"minecraft:wooden_pickaxe":1,"minecraft:bucket":1,"minecraft:stone_axe":1,"minecraft:bread":6,"minecraft:stick":28,"minecraft:iron_ingot":6,"minecraft:iron_pickaxe":1,"minecraft:stone_pickaxe":1,"minecraft:stone_sword":2,"minecraft:torch":4},"minecraft:used":{"minecraft:wheat_seeds":21,"minecraft:water_bucket":2,"minecraft:stone_sword":79,"minecraft:stone_pickaxe":128,"minecraft:chest":3,"minecraft:wooden_pickaxe":59,"minecraft:rotten_flesh":3,"minecraft:oak_door":4,"minecraft:torch":5,"minecraft:dirt":6,"minecraft:crafting_table":3,"minecraft:white_bed":1,"minecraft:spruce_log":3,"minecraft:bread":14,"minecraft:stone_axe":59,"minecraft:cobblestone":30,"minecraft:white_banner":3,"minecraft:bucket":3,"minecraft:dandelion":2},"minecraft:killed":{"minecraft:pig":2,"minecraft:wandering_trader":1,"minecraft:skeleton":3,"minecraft:trader_llama":2,"minecraft:pillager":1,"minecraft:zombie":3,"minecraft:cow":1},"minecraft:mined":{"minecraft:podzol":1,"minecraft:white_bed":5,"minecraft:oak_door":4,"minecraft:dandelion":3,"minecraft:brewing_stand":1,"minecraft:clay":4,"minecraft:crafting_table":2,"minecraft:short_grass":90,"minecraft:grass_block":8,"minecraft:chest":3,"minecraft:tall_grass":10,"minecraft:copper_ore":6,"minecraft:cobblestone":4,"minecraft:cartography_table":1,"minecraft:wall_torch":9,"minecraft:carrots":16,"minecraft:iron_ore":6,"minecraft:wheat":29,"minecraft:spruce_log":3,"minecraft:white_wall_banner":1,"minecraft:yellow_bed":2,"minecraft:oak_log":48,"minecraft:potatoes":9,"minecraft:coal_ore":5,"minecraft:dirt_path":1,"minecraft:dirt":25,"minecraft:white_banner":1,"minecraft:stone":157,"minecraft:oak_leaves":8,"minecraft:fern":1},"minecraft:killed_by":{"minecraft:player":10,"minecraft:skeleton":1,"minecraft:creeper":1,"minecraft:zombie":5,"minecraft:pillager":1,"minecraft:enderman":1},"minecraft:picked_up":{"minecraft:crafting_table":2,"minecraft:wheat":20,"minecraft:ominous_bottle":4,"minecraft:clay_ball":16,"minecraft:leather":4,"minecraft:lead":2,"minecraft:potato":34,"minecraft:oak_log":46,"minecraft:brewing_stand":1,"minecraft:yellow_bed":4,"minecraft:dirt":56,"minecraft:white_banner":6,"minecraft:raw_copper":102,"minecraft:bone":13,"minecraft:wheat_seeds":84,"minecraft:cartography_table":1,"minecraft:stone_pickaxe":5,"minecraft:beef":5,"minecraft:light_gray_wool":1,"minecraft:chest":3,"minecraft:stick":20,"minecraft:raw_iron":6,"minecraft:cooked_porkchop":1,"minecraft:oak_door":10,"minecraft:torch":9,"minecraft:dandelion":4,"minecraft:porkchop":897,"minecraft:carrot":49,"minecraft:white_bed":9,"minecraft:spruce_log":3,"minecraft:stone_sword":5,"minecraft:arrow":5,"minecraft:rotten_flesh":10,"minecraft:stone_axe":5,"minecraft:bone_meal":1,"minecraft:bread":14,"minecraft:oak_sapling":4,"minecraft:mutton":1,"minecraft:coal":5,"minecraft:cobblestone":597},"minecraft:custom":{"minecraft:interact_with_furnace":2,"minecraft:mob_kills":15,"minecraft:interact_with_crafting_table":6,"minecraft:interact_with_cartography_table":1,"minecraft:leave_game":14,"minecraft:time_since_death":6233,"minecraft:sleep_in_bed":3,"minecraft:time_since_rest":6261,"minecraft:sprint_one_cm":204324,"minecraft:damage_taken":12797,"minecraft:walk_one_cm":495103,"minecraft:drop":26,"minecraft:damage_dealt":3161,"minecraft:swim_one_cm":40905,"minecraft:talked_to_villager":5,"minecraft:fly_one_cm":51378,"minecraft:open_chest":37,"minecraft:crouch_one_cm":735,"minecraft:play_time":124986,"minecraft:deaths":27,"minecraft:sneak_time":724,"minecraft:walk_under_water_one_cm":18574,"minecraft:jump":1357,"minecraft:walk_on_water_one_cm":12818,"minecraft:total_world_time":124986,"minecraft:fall_one_cm":42199}},"DataVersion":3955}