{"stats":{"minecraft:picked_up":{"minecraft:crafting_table":1,"minecraft:wheat":20,"minecraft:ominous_bottle":4,"minecraft:leather":2,"minecraft:potato":34,"minecraft:oak_log":38,"minecraft:brewing_stand":1,"minecraft:yellow_bed":2,"minecraft:dirt":30,"minecraft:white_banner":6,"minecraft:raw_copper":102,"minecraft:bone":9,"minecraft:wheat_seeds":65,"minecraft:cartography_table":1,"minecraft:beef":5,"minecraft:stone_pickaxe":5,"minecraft:light_gray_wool":1,"minecraft:chest":3,"minecraft:raw_iron":6,"minecraft:stick":20,"minecraft:cooked_porkchop":1,"minecraft:oak_door":10,"minecraft:torch":1,"minecraft:dandelion":1,"minecraft:porkchop":897,"minecraft:white_bed":5,"minecraft:carrot":39,"minecraft:spruce_log":3,"minecraft:stone_sword":5,"minecraft:arrow":3,"minecraft:rotten_flesh":4,"minecraft:stone_axe":5,"minecraft:bread":14,"minecraft:oak_sapling":4,"minecraft:mutton":1,"minecraft:coal":5,"minecraft:cobblestone":533},"minecraft:used":{"minecraft:stone_sword":31,"minecraft:stone_pickaxe":72,"minecraft:chest":3,"minecraft:wooden_pickaxe":59,"minecraft:rotten_flesh":3,"minecraft:oak_door":4,"minecraft:torch":5,"minecraft:crafting_table":2,"minecraft:white_bed":1,"minecraft:spruce_log":3,"minecraft:bread":5,"minecraft:stone_axe":59,"minecraft:cobblestone":30,"minecraft:white_banner":3},"minecraft:custom":{"minecraft:mob_kills":9,"minecraft:interact_with_cartography_table":1,"minecraft:interact_with_crafting_table":3,"minecraft:leave_game":14,"minecraft:time_since_death":23524,"minecraft:sleep_in_bed":1,"minecraft:time_since_rest":6793,"minecraft:sprint_one_cm":113945,"minecraft:damage_taken":11637,"minecraft:walk_one_cm":318588,"minecraft:drop":17,"minecraft:damage_dealt":1927,"minecraft:swim_one_cm":40905,"minecraft:fly_one_cm":32791,"minecraft:open_chest":15,"minecraft:crouch_one_cm":651,"minecraft:play_time":85755,"minecraft:deaths":23,"minecraft:sneak_time":679,"minecraft:walk_under_water_one_cm":16795,"minecraft:jump":838,"minecraft:walk_on_water_one_cm":9228,"minecraft:total_world_time":85755,"minecraft:fall_one_cm":36210},"minecraft:crafted":{"minecraft:oak_planks":32,"minecraft:crafting_table":1,"minecraft:wooden_pickaxe":1,"minecraft:stone_axe":1,"minecraft:stick":16,"minecraft:stone_pickaxe":1,"minecraft:stone_sword":1,"minecraft:torch":4},"minecraft:mined":{"minecraft:podzol":1,"minecraft:white_bed":5,"minecraft:oak_door":4,"minecraft:brewing_stand":1,"minecraft:crafting_table":1,"minecraft:short_grass":25,"minecraft:grass_block":1,"minecraft:chest":3,"minecraft:cobblestone":4,"minecraft:tall_grass":9,"minecraft:copper_ore":6,"minecraft:cartography_table":1,"minecraft:wall_torch":1,"minecraft:carrots":14,"minecraft:iron_ore":6,"minecraft:wheat":29,"minecraft:spruce_log":3,"minecraft:white_wall_banner":1,"minecraft:yellow_bed":2,"minecraft:potatoes":9,"minecraft:oak_log":40,"minecraft:coal_ore":5,"minecraft:dirt_path":1,"minecraft:dirt":24,"minecraft:stone":105,"minecraft:white_banner":1,"minecraft:oak_leaves":7,"minecraft:fern":1},"minecraft:dropped":{"minecraft:oak_planks":17,"minecraft:beef":1},"minecraft:broken":{"minecraft:wooden_pickaxe":1},"minecraft:killed":{"minecraft:pig":2,"minecraft:skeleton":2,"minecraft:pillager":1,"minecraft:zombie":2,"minecraft:cow":1},"minecraft:killed_by":{"minecraft:player":10,"minecraft:skeleton":1,"minecraft:creeper":1,"minecraft:zombie":3,"minecraft:pillager":1}},"DataVersion":3955}