{"stats":{"minecraft:picked_up":{"minecraft:wheat":93,"minecraft:anvil":2,"minecraft:yellow_wool":6,"minecraft:stone_slab":10,"minecraft:lead":12,"minecraft:diamond_sword":2,"minecraft:enchanted_book":2,"minecraft:brewing_stand":6,"minecraft:string":31,"minecraft:raw_copper":187,"minecraft:cobbled_deepslate":125,"minecraft:bucket":2,"minecraft:spruce_planks":145,"minecraft:rose_bush":5,"minecraft:iron_pickaxe":5,"minecraft:furnace":21,"minecraft:dark_oak_door":1,"minecraft:stick":245,"minecraft:composter":6,"minecraft:torch":100,"minecraft:porkchop":917,"minecraft:diorite":16,"minecraft:cauldron":2,"minecraft:yellow_banner":3,"minecraft:stone_sword":8,"minecraft:rotten_flesh":158,"minecraft:obsidian":8,"minecraft:cobblestone":1247,"minecraft:magma_block":4,"minecraft:feather":11,"minecraft:cooked_beef":4,"minecraft:water_bucket":2,"minecraft:andesite":67,"minecraft:brown_wool":1,"minecraft:potato":1201,"minecraft:flint":1,"minecraft:lapis_lazuli":295,"minecraft:dirt":640,"minecraft:name_tag":1,"minecraft:leather_boots":1,"minecraft:bone":102,"minecraft:stonecutter":1,"minecraft:bow":7,"minecraft:wheat_seeds":429,"minecraft:raw_gold":3,"minecraft:bell":1,"minecraft:fletching_table":4,"minecraft:moss_block":4,"minecraft:oak_planks":12,"minecraft:cooked_porkchop":1,"minecraft:poisonous_potato":10,"minecraft:sand":47,"minecraft:ink_sac":2,"minecraft:grass_block":4,"minecraft:lily_of_the_valley":1,"minecraft:mossy_cobblestone":1,"minecraft:iron_hoe":1,"minecraft:yellow_carpet":1,"minecraft:diamond":33,"minecraft:granite":2,"minecraft:bone_meal":2,"minecraft:golden_apple":1,"minecraft:spruce_button":1,"minecraft:emerald":39,"minecraft:bread":392,"minecraft:oak_sapling":22,"minecraft:coarse_dirt":4,"minecraft:crafting_table":37,"minecraft:ominous_bottle":7,"minecraft:chicken":9,"minecraft:clay_ball":32,"minecraft:wooden_pickaxe":3,"minecraft:shield":2,"minecraft:iron_axe":1,"minecraft:cartography_table":11,"minecraft:beef":57,"minecraft:oak_boat":16,"minecraft:light_gray_wool":2,"minecraft:poppy":41,"minecraft:chest":18,"minecraft:sugar_cane":547,"minecraft:spruce_trapdoor":6,"minecraft:egg":4,"minecraft:raw_iron":90,"minecraft:sandstone":11,"minecraft:oak_door":22,"minecraft:carrot":67,"minecraft:redstone":25,"minecraft:arrow":173,"minecraft:diamond_chestplate":1,"minecraft:cooked_cod":4,"minecraft:peony":1,"minecraft:hay_block":16,"minecraft:saddle":1,"minecraft:glow_berries":6,"minecraft:mutton":74,"minecraft:white_wool":25,"minecraft:oxeye_daisy":1,"minecraft:stripped_oak_log":25,"minecraft:glow_ink_sac":4,"minecraft:salmon":8,"minecraft:leather":42,"minecraft:filled_map":2,"minecraft:oak_log":173,"minecraft:yellow_bed":5,"minecraft:gunpowder":7,"minecraft:paper":10,"minecraft:white_banner":11,"minecraft:cooked_mutton":1,"minecraft:apple":3,"minecraft:iron_ingot":123,"minecraft:stone_pickaxe":6,"minecraft:pumpkin":5,"minecraft:sweet_berries":242,"minecraft:dandelion":8,"minecraft:gravel":29,"minecraft:lava_bucket":1,"minecraft:spruce_sapling":61,"minecraft:white_bed":30,"minecraft:spruce_log":643,"minecraft:spider_eye":2,"minecraft:leather_helmet":1,"minecraft:diamond_shovel":2,"minecraft:purple_bed":1,"minecraft:stone_axe":8,"minecraft:diamond_axe":4,"minecraft:black_wool":2,"minecraft:coal":228,"minecraft:ender_pearl":5},"minecraft:used":{"minecraft:peony":1,"minecraft:chest":10,"minecraft:shield":122,"minecraft:iron_sword":51,"minecraft:rotten_flesh":19,"minecraft:mutton":16,"minecraft:carrot":9,"minecraft:sweet_berries":226,"minecraft:oak_sapling":6,"minecraft:furnace":14,"minecraft:potato":397,"minecraft:stone_pickaxe":428,"minecraft:oak_planks":2,"minecraft:wooden_pickaxe":191,"minecraft:composter":5,"minecraft:sugar_cane":14,"minecraft:diamond_axe":15,"minecraft:white_wool":2,"minecraft:glow_berries":5,"minecraft:sand":3,"minecraft:bread":65,"minecraft:gravel":1,"minecraft:diamond_sword":17,"minecraft:oak_boat":15,"minecraft:tropical_fish_bucket":3,"minecraft:bone_meal":1,"minecraft:stone_sword":328,"minecraft:spruce_planks":1,"minecraft:oak_door":4,"minecraft:torch":204,"minecraft:brewing_stand":1,"minecraft:dirt":123,"minecraft:anvil":1,"minecraft:wooden_axe":48,"minecraft:filled_map":1,"minecraft:iron_axe":812,"minecraft:spruce_button":1,"minecraft:beef":16,"minecraft:cooked_beef":14,"minecraft:cobbled_deepslate":41,"minecraft:wheat_seeds":42,"minecraft:cooked_mutton":5,"minecraft:yellow_banner":3,"minecraft:water_bucket":22,"minecraft:cartography_table":3,"minecraft:salmon":1,"minecraft:mossy_cobblestone":1,"minecraft:crafting_table":28,"minecraft:white_bed":19,"minecraft:spruce_log":12,"minecraft:dark_oak_door":1,"minecraft:oak_log":1,"minecraft:wooden_hoe":59,"minecraft:apple":3,"minecraft:chicken":3,"minecraft:iron_pickaxe":368,"minecraft:map":2,"minecraft:leather_helmet":1,"minecraft:spruce_sapling":28,"minecraft:stone_axe":406,"minecraft:cobblestone":226,"minecraft:purple_bed":1,"minecraft:white_banner":4,"minecraft:porkchop":4,"minecraft:bucket":28,"minecraft:dandelion":2},"minecraft:custom":{"minecraft:interact_with_crafting_table":118,"minecraft:bell_ring":13,"minecraft:leave_game":32,"minecraft:time_since_death":63316,"minecraft:sprint_one_cm":1765673,"minecraft:damage_blocked_by_shield":3785,"minecraft:drop":175,"minecraft:talked_to_villager":105,"minecraft:play_time":794784,"minecraft:deaths":54,"minecraft:jump":7942,"minecraft:interact_with_brewingstand":1,"minecraft:walk_on_water_one_cm":155011,"minecraft:interact_with_furnace":69,"minecraft:traded_with_villager":196,"minecraft:interact_with_cartography_table":3,"minecraft:sleep_in_bed":42,"minecraft:damage_dealt":34946,"minecraft:crouch_one_cm":17611,"minecraft:horse_one_cm":4273,"minecraft:mob_kills":203,"minecraft:climb_one_cm":533,"minecraft:walk_one_cm":2571738,"minecraft:sneak_time":14919,"minecraft:walk_under_water_one_cm":115645,"minecraft:boat_one_cm":232732,"minecraft:total_world_time":794784,"minecraft:time_since_rest":15662,"minecraft:damage_taken":26467,"minecraft:swim_one_cm":140362,"minecraft:fly_one_cm":446778,"minecraft:open_chest":148,"minecraft:fall_one_cm":197504},"minecraft:mined":{"minecraft:white_bed":24,"minecraft:farmland":1,"minecraft:brewing_stand":2,"minecraft:cave_vines_plant":1,"minecraft:granite":2,"minecraft:grass_block":46,"minecraft:composter":6,"minecraft:oxeye_daisy":1,"minecraft:spawner":1,"minecraft:tall_seagrass":2,"minecraft:magma_block":1,"minecraft:iron_ore":59,"minecraft:pumpkin":5,"minecraft:anvil":1,"minecraft:cave_vines":5,"minecraft:flowering_azalea_leaves":2,"minecraft:dirt_path":1,"minecraft:azalea_leaves":7,"minecraft:white_banner":1,"minecraft:yellow_banner":1,"minecraft:clay":4,"minecraft:torch":38,"minecraft:poppy":2,"minecraft:chest":9,"minecraft:dead_bush":3,"minecraft:cobblestone":34,"minecraft:sugar_cane":121,"minecraft:oak_planks":2,"minecraft:wall_torch":41,"minecraft:dark_oak_door":1,"minecraft:yellow_wool":6,"minecraft:wheat":52,"minecraft:oak_log":172,"minecraft:sand":10,"minecraft:dirt":66,"minecraft:oak_leaves":95,"minecraft:deepslate":102,"minecraft:yellow_wall_banner":2,"minecraft:mossy_cobblestone":1,"minecraft:oak_door":4,"minecraft:spruce_leaves":150,"minecraft:cartography_table":5,"minecraft:moss_block":1,"minecraft:sandstone":12,"minecraft:large_fern":6,"minecraft:hay_block":16,"minecraft:spruce_sapling":3,"minecraft:furnace":14,"minecraft:carrots":21,"minecraft:andesite":19,"minecraft:peony":1,"minecraft:potatoes":397,"minecraft:deepslate_iron_ore":8,"minecraft:stripped_oak_log":24,"minecraft:stone":454,"minecraft:white_wool":2,"minecraft:podzol":1,"minecraft:dandelion":5,"minecraft:crafting_table":28,"minecraft:short_grass":251,"minecraft:emerald_ore":1,"minecraft:rose_bush":6,"minecraft:tall_grass":31,"minecraft:copper_ore":6,"minecraft:lapis_ore":14,"minecraft:diorite":4,"minecraft:purple_bed":1,"minecraft:coarse_dirt":1,"minecraft:sweet_berry_bush":113,"minecraft:spruce_log":658,"minecraft:white_wall_banner":3,"minecraft:yellow_bed":3,"minecraft:coal_ore":152,"minecraft:gravel":10,"minecraft:gold_ore":1,"minecraft:fern":22},"minecraft:crafted":{"minecraft:oak_planks":696,"minecraft:cooked_mutton":11,"minecraft:diamond_helmet":1,"minecraft:bow":1,"minecraft:diamond_leggings":1,"minecraft:iron_boots":2,"minecraft:chest":1,"minecraft:yellow_banner":1,"minecraft:emerald":180,"minecraft:diamond_axe":2,"minecraft:crafting_table":9,"minecraft:spruce_planks":2508,"minecraft:wooden_pickaxe":6,"minecraft:iron_helmet":1,"minecraft:copper_ingot":3,"minecraft:tropical_fish_bucket":1,"minecraft:iron_chestplate":2,"minecraft:wooden_hoe":1,"minecraft:paper":39,"minecraft:shield":2,"minecraft:stick":5368,"minecraft:iron_ingot":56,"minecraft:iron_pickaxe":3,"minecraft:stone_sword":5,"minecraft:gold_ingot":2,"minecraft:oak_door":3,"minecraft:spruce_button":18,"minecraft:furnace":3,"minecraft:iron_axe":4,"minecraft:stone_pickaxe":8,"minecraft:diamond_boots":1,"minecraft:filled_map":4,"minecraft:wheat":144,"minecraft:cooked_beef":11,"minecraft:diamond_sword":1,"minecraft:iron_sword":1,"minecraft:leather_helmet":2,"minecraft:bucket":1,"minecraft:stone_axe":8,"minecraft:bread":110,"minecraft:oak_boat":3,"minecraft:white_wool":2,"minecraft:wooden_axe":2,"minecraft:iron_leggings":1,"minecraft:white_bed":1,"minecraft:torch":144},"minecraft:dropped":{"minecraft:diamond_axe":2,"minecraft:lapis_lazuli":34,"minecraft:cooked_beef":1,"minecraft:glow_ink_sac":4,"minecraft:crafting_table":3,"minecraft:leather":1,"minecraft:leather_helmet":2,"minecraft:emerald":41,"minecraft:dirt":60,"minecraft:mutton":13,"minecraft:cooked_cod":4,"minecraft:gold_nugget":3,"minecraft:sand":34,"minecraft:iron_pickaxe":1,"minecraft:white_wool":2,"minecraft:bone":2,"minecraft:gravel":17,"minecraft:sugar_cane":128,"minecraft:iron_nugget":2,"minecraft:cobbled_deepslate":23,"minecraft:wheat":2,"minecraft:rotten_flesh":63,"minecraft:oak_planks":21,"minecraft:diamond_shovel":1,"minecraft:cooked_mutton":1,"minecraft:white_bed":10,"minecraft:poppy":3,"minecraft:gunpowder":5,"minecraft:leather_boots":2,"minecraft:arrow":29,"minecraft:beef":1,"minecraft:egg":2,"minecraft:water_bucket":1,"minecraft:iron_ingot":53,"minecraft:bread":63,"minecraft:wheat_seeds":104,"minecraft:feather":2,"minecraft:cobblestone":16,"minecraft:granite":1,"minecraft:spruce_button":18,"minecraft:grass_block":4,"minecraft:coal":14,"minecraft:stick":85,"minecraft:oxeye_daisy":1,"minecraft:lava_bucket":1,"minecraft:wooden_axe":2,"minecraft:rose_bush":5,"minecraft:iron_axe":1,"minecraft:paper":13,"minecraft:string":5,"minecraft:spruce_sapling":13,"minecraft:dandelion":3,"minecraft:sweet_berries":18,"minecraft:clay_ball":16,"minecraft:stripped_oak_log":1,"minecraft:stone_slab":5,"minecraft:lily_of_the_valley":1,"minecraft:filled_map":2,"minecraft:diamond_sword":2,"minecraft:potato":91,"minecraft:spruce_trapdoor":3,"minecraft:spruce_planks":80,"minecraft:andesite":3,"minecraft:yellow_bed":4,"minecraft:oak_sapling":7,"minecraft:spider_eye":2,"minecraft:sandstone":11,"minecraft:bow":3,"minecraft:stone_pickaxe":1,"minecraft:wooden_pickaxe":2,"minecraft:black_wool":1},"minecraft:broken":{"minecraft:stone_pickaxe":2,"minecraft:stone_axe":3,"minecraft:leather_helmet":1,"minecraft:stone_sword":1,"minecraft:wooden_pickaxe":2,"minecraft:iron_axe":3,"minecraft:iron_pickaxe":1,"minecraft:wooden_hoe":1},"minecraft:killed":{"minecraft:spider":14,"minecraft:skeleton":19,"minecraft:chicken":9,"minecraft:pig":12,"minecraft:zombie_villager":1,"minecraft:salmon":1,"minecraft:iron_golem":6,"minecraft:creeper":1,"minecraft:sheep":28,"minecraft:trader_llama":4,"minecraft:pillager":1,"minecraft:zombie":48,"minecraft:glow_squid":2,"minecraft:cow":24,"minecraft:horse":5,"minecraft:wandering_trader":2,"minecraft:villager":2,"minecraft:enderman":6},"minecraft:killed_by":{"minecraft:creeper":2,"minecraft:pillager":1,"minecraft:zombie":12,"minecraft:player":11,"minecraft:enderman":4,"minecraft:iron_golem":1,"minecraft:skeleton":6}},"DataVersion":3955}