{
  "minecraft:recipes/decorations/crafting_table": {
    "criteria": {
      "unlock_right_away": "2024-07-11 18:01:50 +0000"
    },
    "done": true
  },
  "minecraft:adventure/adventuring_time": {
    "criteria": {
      "minecraft:river": "2024-07-11 18:27:49 +0000",
      "minecraft:forest": "2024-07-11 18:02:24 +0000",
      "minecraft:desert": "2024-07-11 18:01:51 +0000"
    },
    "done": false
  },
  "securitycraft:recipes/transportation/birch_security_sea_boat": {
    "criteria": {
      "has_keypad_chest": "2024-07-11 18:11:19 +0000"
    },
    "done": true
  },
  "securitycraft:recipes/transportation/spruce_security_sea_boat": {
    "criteria": {
      "has_keypad_chest": "2024-07-11 18:11:19 +0000"
    },
    "done": true
  },
  "securitycraft:recipes/transportation/mangrove_security_sea_boat": {
    "criteria": {
      "has_keypad_chest": "2024-07-11 18:11:19 +0000"
    },
    "done": true
  },
  "securitycraft:recipes/transportation/dark_oak_security_sea_boat": {
    "criteria": {
      "has_keypad_chest": "2024-07-11 18:11:19 +0000"
    },
    "done": true
  },
  "securitycraft:recipes/transportation/acacia_security_sea_boat": {
    "criteria": {
      "has_keypad_chest": "2024-07-11 18:11:19 +0000"
    },
    "done": true
  },
  "securitycraft:recipes/transportation/bamboo_security_sea_raft": {
    "criteria": {
      "has_keypad_chest": "2024-07-11 18:11:19 +0000"
    },
    "done": true
  },
  "securitycraft:recipes/transportation/cherry_security_sea_boat": {
    "criteria": {
      "has_keypad_chest": "2024-07-11 18:11:19 +0000"
    },
    "done": true
  },
  "securitycraft:recipes/transportation/oak_security_sea_boat": {
    "criteria": {
      "has_keypad_chest": "2024-07-11 18:11:19 +0000"
    },
    "done": true
  },
  "securitycraft:recipes/transportation/jungle_security_sea_boat": {
    "criteria": {
      "has_keypad_chest": "2024-07-11 18:11:19 +0000"
    },
    "done": true
  },
  "minecraft:adventure/root": {
    "criteria": {
      "killed_something": "2024-07-11 18:16:07 +0000"
    },
    "done": true
  },
  "minecraft:recipes/combat/leather_helmet": {
    "criteria": {
      "has_leather": "2024-07-11 18:16:08 +0000"
    },
    "done": true
  },
  "minecraft:recipes/combat/leather_leggings": {
    "criteria": {
      "has_leather": "2024-07-11 18:16:08 +0000"
    },
    "done": true
  },
  "minecraft:recipes/combat/leather_chestplate": {
    "criteria": {
      "has_leather": "2024-07-11 18:16:08 +0000"
    },
    "done": true
  },
  "minecraft:recipes/misc/leather_horse_armor": {
    "criteria": {
      "has_leather": "2024-07-11 18:16:08 +0000"
    },
    "done": true
  },
  "minecraft:recipes/food/cooked_beef_from_smoking": {
    "criteria": {
      "has_beef": "2024-07-11 18:16:08 +0000"
    },
    "done": true
  },
  "minecraft:recipes/decorations/item_frame": {
    "criteria": {
      "has_leather": "2024-07-11 18:16:08 +0000"
    },
    "done": true
  },
  "minecraft:recipes/combat/leather_boots": {
    "criteria": {
      "has_leather": "2024-07-11 18:16:08 +0000"
    },
    "done": true
  },
  "minecraft:recipes/food/cooked_beef": {
    "criteria": {
      "has_beef": "2024-07-11 18:16:08 +0000"
    },
    "done": true
  },
  "minecraft:recipes/food/cooked_beef_from_campfire_cooking": {
    "criteria": {
      "has_beef": "2024-07-11 18:16:08 +0000"
    },
    "done": true
  },
  "minecraft:husbandry/root": {
    "criteria": {
      "consumed_item": "2024-07-11 18:16:10 +0000"
    },
    "done": true
  },
  "minecraft:husbandry/balanced_diet": {
    "criteria": {
      "beef": "2024-07-11 18:16:10 +0000"
    },
    "done": false
  },
  "minecraft:recipes/building_blocks/light_gray_concrete_powder": {
    "criteria": {
      "has_sand": "2024-07-11 18:21:54 +0000"
    },
    "done": true
  },
  "minecraft:recipes/building_blocks/pink_concrete_powder": {
    "criteria": {
      "has_sand": "2024-07-11 18:21:54 +0000"
    },
    "done": true
  },
  "minecraft:recipes/building_blocks/jungle_wood": {
    "criteria": {
      "has_log": "2024-07-11 18:24:53 +0000"
    },
    "done": true
  },
  "minecraft:recipes/decorations/oak_sign": {
    "criteria": {
      "has_planks": "2024-07-11 18:24:31 +0000"
    },
    "done": true
  },
  "minecraft:recipes/redstone/oak_trapdoor": {
    "criteria": {
      "has_planks": "2024-07-11 18:24:31 +0000"
    },
    "done": true
  },
  "minecraft:recipes/building_blocks/red_concrete_powder": {
    "criteria": {
      "has_sand": "2024-07-11 18:21:54 +0000"
    },
    "done": true
  },
  "minecraft:recipes/building_blocks/brown_concrete_powder": {
    "criteria": {
      "has_sand": "2024-07-11 18:21:54 +0000"
    },
    "done": true
  },
  "minecraft:recipes/building_blocks/light_blue_concrete_powder": {
    "criteria": {
      "has_sand": "2024-07-11 18:21:54 +0000"
    },
    "done": true
  },
  "minecraft:recipes/building_blocks/glass": {
    "criteria": {
      "has_smelts_to_glass": "2024-07-11 18:21:54 +0000"
    },
    "done": true
  },
  "minecraft:recipes/building_blocks/green_concrete_powder": {
    "criteria": {
      "has_sand": "2024-07-11 18:21:54 +0000"
    },
    "done": true
  },
  "minecraft:recipes/building_blocks/blue_concrete_powder": {
    "criteria": {
      "has_sand": "2024-07-11 18:21:54 +0000"
    },
    "done": true
  },
  "minecraft:recipes/food/cooked_rabbit": {
    "criteria": {
      "has_rabbit": "2024-07-11 18:29:07 +0000"
    },
    "done": true
  },
  "securitycraft:recipes/building_blocks/reinforced_oak_slab": {
    "criteria": {
      "has_block": "2024-07-11 18:24:41 +0000"
    },
    "done": true
  },
  "securitycraft:recipes/building_blocks/reinforced_oak_stairs": {
    "criteria": {
      "has_block": "2024-07-11 18:24:41 +0000"
    },
    "done": true
  },
  "minecraft:recipes/decorations/chest": {
    "criteria": {
      "has_lots_of_items": "2024-07-11 18:29:06 +0000"
    },
    "done": true
  },
  "minecraft:recipes/misc/stick": {
    "criteria": {
      "has_planks": "2024-07-11 18:24:31 +0000"
    },
    "done": true
  },
  "minecraft:recipes/food/cooked_rabbit_from_smoking": {
    "criteria": {
      "has_rabbit": "2024-07-11 18:29:07 +0000"
    },
    "done": true
  },
  "minecraft:recipes/food/cooked_rabbit_from_campfire_cooking": {
    "criteria": {
      "has_rabbit": "2024-07-11 18:29:07 +0000"
    },
    "done": true
  },
  "minecraft:recipes/building_blocks/oak_stairs": {
    "criteria": {
      "has_planks": "2024-07-11 18:24:31 +0000"
    },
    "done": true
  },
  "minecraft:recipes/building_blocks/white_concrete_powder": {
    "criteria": {
      "has_sand": "2024-07-11 18:21:54 +0000"
    },
    "done": true
  },
  "minecraft:recipes/decorations/oak_fence": {
    "criteria": {
      "has_planks": "2024-07-11 18:24:31 +0000"
    },
    "done": true
  },
  "minecraft:recipes/redstone/oak_button": {
    "criteria": {
      "has_planks": "2024-07-11 18:24:31 +0000"
    },
    "done": true
  },
  "minecraft:recipes/building_blocks/lime_concrete_powder": {
    "criteria": {
      "has_sand": "2024-07-11 18:21:54 +0000"
    },
    "done": true
  },
  "minecraft:recipes/building_blocks/orange_concrete_powder": {
    "criteria": {
      "has_sand": "2024-07-11 18:21:54 +0000"
    },
    "done": true
  },
  "minecraft:recipes/building_blocks/oak_slab": {
    "criteria": {
      "has_planks": "2024-07-11 18:24:31 +0000"
    },
    "done": true
  },
  "minecraft:recipes/misc/leather": {
    "criteria": {
      "has_rabbit_hide": "2024-07-11 18:29:06 +0000"
    },
    "done": true
  },
  "minecraft:recipes/building_blocks/jungle_planks": {
    "criteria": {
      "has_logs": "2024-07-11 18:24:53 +0000"
    },
    "done": true
  },
  "minecraft:recipes/building_blocks/magenta_concrete_powder": {
    "criteria": {
      "has_sand": "2024-07-11 18:21:54 +0000"
    },
    "done": true
  },
  "securitycraft:recipes/building_blocks/reinforced_jungle_wood": {
    "criteria": {
      "has_log": "2024-07-11 18:24:59 +0000"
    },
    "done": true
  },
  "securitycraft:recipes/redstone/reinforced_oak_button": {
    "criteria": {
      "has_block": "2024-07-11 18:24:41 +0000"
    },
    "done": true
  },
  "minecraft:recipes/redstone/oak_fence_gate": {
    "criteria": {
      "has_planks": "2024-07-11 18:24:31 +0000"
    },
    "done": true
  },
  "minecraft:recipes/misc/charcoal": {
    "criteria": {
      "has_log": "2024-07-11 18:24:53 +0000"
    },
    "done": true
  },
  "securitycraft:recipes/building_blocks/reinforced_jungle_planks": {
    "criteria": {
      "has_log": "2024-07-11 18:24:59 +0000"
    },
    "done": true
  },
  "minecraft:recipes/redstone/oak_pressure_plate": {
    "criteria": {
      "has_planks": "2024-07-11 18:24:31 +0000"
    },
    "done": true
  },
  "securitycraft:recipes/redstone/reinforced_oak_pressure_plate": {
    "criteria": {
      "has_block": "2024-07-11 18:24:41 +0000"
    },
    "done": true
  },
  "minecraft:recipes/redstone/oak_door": {
    "criteria": {
      "has_planks": "2024-07-11 18:24:31 +0000"
    },
    "done": true
  },
  "minecraft:recipes/building_blocks/yellow_concrete_powder": {
    "criteria": {
      "has_sand": "2024-07-11 18:21:54 +0000"
    },
    "done": true
  },
  "minecraft:recipes/building_blocks/sandstone": {
    "criteria": {
      "has_sand": "2024-07-11 18:21:54 +0000"
    },
    "done": true
  },
  "minecraft:recipes/building_blocks/gray_concrete_powder": {
    "criteria": {
      "has_sand": "2024-07-11 18:21:54 +0000"
    },
    "done": true
  },
  "minecraft:recipes/building_blocks/black_concrete_powder": {
    "criteria": {
      "has_sand": "2024-07-11 18:21:54 +0000"
    },
    "done": true
  },
  "minecraft:recipes/decorations/barrel": {
    "criteria": {
      "has_planks": "2024-07-11 18:24:31 +0000"
    },
    "done": true
  },
  "minecraft:recipes/building_blocks/purple_concrete_powder": {
    "criteria": {
      "has_sand": "2024-07-11 18:21:54 +0000"
    },
    "done": true
  },
  "securitycraft:recipes/misc/sc_manual": {
    "criteria": {
      "has_wood": "2024-07-11 18:24:53 +0000"
    },
    "done": true
  },
  "minecraft:recipes/building_blocks/cyan_concrete_powder": {
    "criteria": {
      "has_sand": "2024-07-11 18:21:54 +0000"
    },
    "done": true
  },
  "DataVersion": 3465
}