{
  "minecraft:recipes/decorations/crafting_table": {
    "criteria": {
      "unlock_right_away": "2024-10-26 11:08:14 +0000"
    },
    "done": true
  },
  "minecraft:adventure/adventuring_time": {
    "criteria": {
      "minecraft:forest": "2024-10-26 11:10:58 +0000",
      "minecraft:taiga": "2024-10-26 11:11:40 +0000",
      "minecraft:old_growth_spruce_taiga": "2024-10-26 11:12:17 +0000",
      "minecraft:plains": "2024-10-26 11:08:14 +0000"
    },
    "done": false
  },
  "DataVersion": 3955
}